Time,
2013-07-10 00:00:00 UTC,39238.0
2013-07-11 00:00:00 UTC,43434.0
2013-07-12 00:00:00 UTC,48260.0
2013-07-13 00:00:00 UTC,37970.0
2013-07-14 00:00:00 UTC,34933.0
2013-07-15 00:00:00 UTC,36754.0
2013-07-16 00:00:00 UTC,39392.0
2013-07-17 00:00:00 UTC,40643.0
2013-07-18 00:00:00 UTC,41170.0
2013-07-19 00:00:00 UTC,36759.0
2013-07-20 00:00:00 UTC,33702.0
2013-07-21 00:00:00 UTC,35456.0
2013-07-22 00:00:00 UTC,39979.0
2013-07-23 00:00:00 UTC,38432.0
2013-07-24 00:00:00 UTC,42361.0
2013-07-25 00:00:00 UTC,42530.0
2013-07-26 00:00:00 UTC,37373.0
2013-07-27 00:00:00 UTC,36892.0
2013-07-28 00:00:00 UTC,37302.0
2013-07-29 00:00:00 UTC,41812.0
2013-07-30 00:00:00 UTC,42133.0
2013-07-31 00:00:00 UTC,49524.0
2013-08-01 00:00:00 UTC,50904.0
2013-08-02 00:00:00 UTC,51681.0
2013-08-03 00:00:00 UTC,45746.0
2013-08-04 00:00:00 UTC,42946.0
2013-08-05 00:00:00 UTC,51001.0
2013-08-06 00:00:00 UTC,54369.0
2013-08-07 00:00:00 UTC,57606.0
2013-08-08 00:00:00 UTC,58022.0
2013-08-09 00:00:00 UTC,49658.0
2013-08-10 00:00:00 UTC,51695.0
2013-08-11 00:00:00 UTC,38422.0
2013-08-12 00:00:00 UTC,50228.0
2013-08-13 00:00:00 UTC,53080.0
2013-08-14 00:00:00 UTC,51660.0
2013-08-15 00:00:00 UTC,58129.0
2013-08-16 00:00:00 UTC,71119.0
2013-08-17 00:00:00 UTC,56546.0
2013-08-18 00:00:00 UTC,56397.0
2013-08-19 00:00:00 UTC,71314.0
2013-08-20 00:00:00 UTC,63228.0
2013-08-21 00:00:00 UTC,60531.0
2013-08-22 00:00:00 UTC,66812.0
2013-08-23 00:00:00 UTC,55195.0
2013-08-24 00:00:00 UTC,51817.0
2013-08-25 00:00:00 UTC,44447.0
2013-08-26 00:00:00 UTC,56093.0
2013-08-27 00:00:00 UTC,62187.0
2013-08-28 00:00:00 UTC,64747.0
2013-08-29 00:00:00 UTC,58992.0
2013-08-30 00:00:00 UTC,62603.0
2013-08-31 00:00:00 UTC,47505.0
2013-09-01 00:00:00 UTC,46598.0
2013-09-02 00:00:00 UTC,51266.0
2013-09-03 00:00:00 UTC,52163.0
2013-09-04 00:00:00 UTC,52979.0
2013-09-05 00:00:00 UTC,60730.0
2013-09-06 00:00:00 UTC,60850.0
2013-09-07 00:00:00 UTC,51967.0
2013-09-08 00:00:00 UTC,46452.0
2013-09-09 00:00:00 UTC,57676.0
2013-09-10 00:00:00 UTC,53283.0
2013-09-11 00:00:00 UTC,49210.0
2013-09-12 00:00:00 UTC,52300.0
2013-09-13 00:00:00 UTC,44834.0
2013-09-14 00:00:00 UTC,43560.0
2013-09-15 00:00:00 UTC,53672.0
2013-09-16 00:00:00 UTC,51885.0
2013-09-17 00:00:00 UTC,67931.0
2013-09-18 00:00:00 UTC,60551.0
2013-09-19 00:00:00 UTC,59815.0
2013-09-20 00:00:00 UTC,58994.0
2013-09-21 00:00:00 UTC,52498.0
2013-09-22 00:00:00 UTC,50903.0
2013-09-23 00:00:00 UTC,65328.0
2013-09-24 00:00:00 UTC,62592.0
2013-09-25 00:00:00 UTC,54548.0
2013-09-26 00:00:00 UTC,57545.0
2013-09-27 00:00:00 UTC,46920.0
2013-09-28 00:00:00 UTC,42580.0
2013-09-29 00:00:00 UTC,41181.0
2013-09-30 00:00:00 UTC,47156.0
2013-10-01 00:00:00 UTC,57171.0
2013-10-02 00:00:00 UTC,61964.0
2013-10-03 00:00:00 UTC,59551.0
2013-10-04 00:00:00 UTC,51940.0
2013-10-05 00:00:00 UTC,45479.0
2013-10-06 00:00:00 UTC,42857.0
2013-10-07 00:00:00 UTC,44547.0
2013-10-08 00:00:00 UTC,45131.0
2013-10-09 00:00:00 UTC,50673.0
2013-10-10 00:00:00 UTC,56853.0
2013-10-11 00:00:00 UTC,51922.0
2013-10-12 00:00:00 UTC,49474.0
2013-10-13 00:00:00 UTC,51304.0
2013-10-14 00:00:00 UTC,57452.0
2013-10-15 00:00:00 UTC,55826.0
2013-10-16 00:00:00 UTC,50826.0
2013-10-17 00:00:00 UTC,46870.0
2013-10-18 00:00:00 UTC,59661.0
2013-10-19 00:00:00 UTC,55311.0
2013-10-20 00:00:00 UTC,49418.0
2013-10-21 00:00:00 UTC,60451.0
2013-10-22 00:00:00 UTC,65048.0
2013-10-23 00:00:00 UTC,55314.0
2013-10-24 00:00:00 UTC,63634.0
2013-10-25 00:00:00 UTC,57471.0
2013-10-26 00:00:00 UTC,47747.0
2013-10-27 00:00:00 UTC,43691.0
2013-10-28 00:00:00 UTC,51104.0
2013-10-29 00:00:00 UTC,49930.0
2013-10-30 00:00:00 UTC,48446.0
2013-10-31 00:00:00 UTC,58181.0
2013-11-01 00:00:00 UTC,45371.0
2013-11-02 00:00:00 UTC,39181.0
2013-11-03 00:00:00 UTC,35947.0
2013-11-04 00:00:00 UTC,45523.0
2013-11-05 00:00:00 UTC,51597.0
2013-11-06 00:00:00 UTC,55008.0
2013-11-07 00:00:00 UTC,60535.0
2013-11-08 00:00:00 UTC,59223.0
2013-11-09 00:00:00 UTC,55204.0
2013-11-10 00:00:00 UTC,57538.0
2013-11-11 00:00:00 UTC,57405.0
2013-11-12 00:00:00 UTC,58307.0
2013-11-13 00:00:00 UTC,64870.0
2013-11-14 00:00:00 UTC,69413.0
2013-11-15 00:00:00 UTC,60914.0
2013-11-16 00:00:00 UTC,47175.0
2013-11-17 00:00:00 UTC,51323.0
2013-11-18 00:00:00 UTC,79032.0
2013-11-19 00:00:00 UTC,92907.0
2013-11-20 00:00:00 UTC,77558.0
2013-11-21 00:00:00 UTC,71822.0
2013-11-22 00:00:00 UTC,76947.0
2013-11-23 00:00:00 UTC,72545.0
2013-11-24 00:00:00 UTC,60861.0
2013-11-25 00:00:00 UTC,71793.0
2013-11-26 00:00:00 UTC,83383.0
2013-11-27 00:00:00 UTC,95531.0
2013-11-28 00:00:00 UTC,98921.0
2013-11-29 00:00:00 UTC,90084.0
2013-11-30 00:00:00 UTC,75190.0
2013-12-01 00:00:00 UTC,72142.0
2013-12-02 00:00:00 UTC,75570.0
2013-12-03 00:00:00 UTC,77667.0
2013-12-04 00:00:00 UTC,79624.0
2013-12-05 00:00:00 UTC,83283.0
2013-12-06 00:00:00 UTC,72099.0
2013-12-07 00:00:00 UTC,67712.0
2013-12-08 00:00:00 UTC,47477.0
2013-12-09 00:00:00 UTC,63625.0
2013-12-10 00:00:00 UTC,67623.0
2013-12-11 00:00:00 UTC,67305.0
2013-12-12 00:00:00 UTC,58219.0
2013-12-13 00:00:00 UTC,60115.0
2013-12-14 00:00:00 UTC,54057.0
2013-12-15 00:00:00 UTC,52308.0
2013-12-16 00:00:00 UTC,69382.0
2013-12-17 00:00:00 UTC,67740.0
2013-12-18 00:00:00 UTC,81510.0
2013-12-19 00:00:00 UTC,70278.0
2013-12-20 00:00:00 UTC,65083.0
2013-12-21 00:00:00 UTC,56083.0
2013-12-22 00:00:00 UTC,52897.0
2013-12-23 00:00:00 UTC,54267.0
2013-12-24 00:00:00 UTC,55865.0
2013-12-25 00:00:00 UTC,55428.0
2013-12-26 00:00:00 UTC,51276.0
2013-12-27 00:00:00 UTC,52674.0
2013-12-28 00:00:00 UTC,48009.0
2013-12-29 00:00:00 UTC,51325.0
2013-12-30 00:00:00 UTC,55613.0
2013-12-31 00:00:00 UTC,48847.0
2014-01-01 00:00:00 UTC,43070.0
2014-01-02 00:00:00 UTC,54770.0
2014-01-03 00:00:00 UTC,60980.0
2014-01-04 00:00:00 UTC,52052.0
2014-01-05 00:00:00 UTC,58662.0
2014-01-06 00:00:00 UTC,67358.0
2014-01-07 00:00:00 UTC,62911.0
2014-01-08 00:00:00 UTC,61439.0
2014-01-09 00:00:00 UTC,59031.0
2014-01-10 00:00:00 UTC,54166.0
2014-01-11 00:00:00 UTC,55856.0
2014-01-12 00:00:00 UTC,50537.0
2014-01-13 00:00:00 UTC,53461.0
2014-01-14 00:00:00 UTC,57378.0
2014-01-15 00:00:00 UTC,61612.0
2014-01-16 00:00:00 UTC,56703.0
2014-01-17 00:00:00 UTC,59026.0
2014-01-18 00:00:00 UTC,51573.0
2014-01-19 00:00:00 UTC,48005.0
2014-01-20 00:00:00 UTC,63003.0
2014-01-21 00:00:00 UTC,72577.0
2014-01-22 00:00:00 UTC,65835.0
2014-01-23 00:00:00 UTC,63576.0
2014-01-24 00:00:00 UTC,65600.0
2014-01-25 00:00:00 UTC,53864.0
2014-01-26 00:00:00 UTC,53582.0
2014-01-27 00:00:00 UTC,64374.0
2014-01-28 00:00:00 UTC,65762.0
2014-01-29 00:00:00 UTC,59682.0
2014-01-30 00:00:00 UTC,60799.0
2014-01-31 00:00:00 UTC,60269.0
2014-02-01 00:00:00 UTC,54838.0
2014-02-02 00:00:00 UTC,52483.0
2014-02-03 00:00:00 UTC,57600.0
2014-02-04 00:00:00 UTC,69799.0
2014-02-05 00:00:00 UTC,67529.0
2014-02-06 00:00:00 UTC,70160.0
2014-02-07 00:00:00 UTC,70514.0
2014-02-08 00:00:00 UTC,65009.0
2014-02-09 00:00:00 UTC,56579.0
2014-02-10 00:00:00 UTC,66850.0
2014-02-11 00:00:00 UTC,67229.0
2014-02-12 00:00:00 UTC,62126.0
2014-02-13 00:00:00 UTC,67339.0
2014-02-14 00:00:00 UTC,74889.0
2014-02-15 00:00:00 UTC,61896.0
2014-02-16 00:00:00 UTC,57531.0
2014-02-17 00:00:00 UTC,60853.0
2014-02-18 00:00:00 UTC,65408.0
2014-02-19 00:00:00 UTC,70142.0
2014-02-20 00:00:00 UTC,71144.0
2014-02-21 00:00:00 UTC,69390.0
2014-02-22 00:00:00 UTC,58673.0
2014-02-23 00:00:00 UTC,60074.0
2014-02-24 00:00:00 UTC,73796.0
2014-02-25 00:00:00 UTC,80082.0
2014-02-26 00:00:00 UTC,73176.0
2014-02-27 00:00:00 UTC,70859.0
2014-02-28 00:00:00 UTC,70290.0
2014-03-01 00:00:00 UTC,63402.0
2014-03-02 00:00:00 UTC,56635.0
2014-03-03 00:00:00 UTC,81264.0
2014-03-04 00:00:00 UTC,84600.0
2014-03-05 00:00:00 UTC,72392.0
2014-03-06 00:00:00 UTC,70527.0
2014-03-07 00:00:00 UTC,72345.0
2014-03-08 00:00:00 UTC,64590.0
2014-03-09 00:00:00 UTC,62161.0
2014-03-10 00:00:00 UTC,70884.0
2014-03-11 00:00:00 UTC,76204.0
2014-03-12 00:00:00 UTC,76339.0
2014-03-13 00:00:00 UTC,72805.0
2014-03-14 00:00:00 UTC,70615.0
2014-03-15 00:00:00 UTC,60308.0
2014-03-16 00:00:00 UTC,59332.0
2014-03-17 00:00:00 UTC,66396.0
2014-03-18 00:00:00 UTC,54142.0
2014-03-19 00:00:00 UTC,73804.0
2014-03-20 00:00:00 UTC,71002.0
2014-03-21 00:00:00 UTC,73091.0
2014-03-22 00:00:00 UTC,66673.0
2014-03-23 00:00:00 UTC,57811.0
2014-03-24 00:00:00 UTC,70983.0
2014-03-25 00:00:00 UTC,71883.0
2014-03-26 00:00:00 UTC,68315.0
2014-03-27 00:00:00 UTC,71719.0
2014-03-28 00:00:00 UTC,67079.0
2014-03-29 00:00:00 UTC,53270.0
2014-03-30 00:00:00 UTC,56853.0
2014-03-31 00:00:00 UTC,65042.0
2014-04-01 00:00:00 UTC,64136.0
2014-04-02 00:00:00 UTC,66913.0
2014-04-03 00:00:00 UTC,67024.0
2014-04-04 00:00:00 UTC,65692.0
2014-04-05 00:00:00 UTC,55795.0
2014-04-06 00:00:00 UTC,50010.0
2014-04-07 00:00:00 UTC,65810.0
2014-04-08 00:00:00 UTC,67841.0
2014-04-09 00:00:00 UTC,65153.0
2014-04-10 00:00:00 UTC,68027.0
2014-04-11 00:00:00 UTC,65732.0
2014-04-12 00:00:00 UTC,47740.0
2014-04-13 00:00:00 UTC,51168.0
2014-04-14 00:00:00 UTC,70219.0
2014-04-15 00:00:00 UTC,72809.0
2014-04-16 00:00:00 UTC,68594.0
2014-04-17 00:00:00 UTC,65190.0
2014-04-18 00:00:00 UTC,56996.0
2014-04-19 00:00:00 UTC,53515.0
2014-04-20 00:00:00 UTC,49043.0
2014-04-21 00:00:00 UTC,58110.0
2014-04-22 00:00:00 UTC,78042.0
2014-04-23 00:00:00 UTC,73954.0
2014-04-24 00:00:00 UTC,72694.0
2014-04-25 00:00:00 UTC,72650.0
2014-04-26 00:00:00 UTC,52175.0
2014-04-27 00:00:00 UTC,52629.0
2014-04-28 00:00:00 UTC,64546.0
2014-04-29 00:00:00 UTC,65057.0
2014-04-30 00:00:00 UTC,63638.0
2014-05-01 00:00:00 UTC,59658.0
2014-05-02 00:00:00 UTC,59981.0
2014-05-03 00:00:00 UTC,54157.0
2014-05-04 00:00:00 UTC,51769.0
2014-05-05 00:00:00 UTC,67763.0
2014-05-06 00:00:00 UTC,77228.0
2014-05-07 00:00:00 UTC,69825.0
2014-05-08 00:00:00 UTC,68937.0
2014-05-09 00:00:00 UTC,66293.0
2014-05-10 00:00:00 UTC,56416.0
2014-05-11 00:00:00 UTC,52590.0
2014-05-12 00:00:00 UTC,74418.0
2014-05-13 00:00:00 UTC,69357.0
2014-05-14 00:00:00 UTC,69808.0
2014-05-15 00:00:00 UTC,74893.0
2014-05-16 00:00:00 UTC,65433.0
2014-05-17 00:00:00 UTC,53511.0
2014-05-18 00:00:00 UTC,49912.0
2014-05-19 00:00:00 UTC,64094.0
2014-05-20 00:00:00 UTC,71520.0
2014-05-21 00:00:00 UTC,68905.0
2014-05-22 00:00:00 UTC,73343.0
2014-05-23 00:00:00 UTC,72810.0
2014-05-24 00:00:00 UTC,52872.0
2014-05-25 00:00:00 UTC,57566.0
2014-05-26 00:00:00 UTC,67007.0
2014-05-27 00:00:00 UTC,68524.0
2014-05-28 00:00:00 UTC,72338.0
2014-05-29 00:00:00 UTC,65362.0
2014-05-30 00:00:00 UTC,65127.0
2014-05-31 00:00:00 UTC,52172.0
2014-06-01 00:00:00 UTC,55222.0
2014-06-02 00:00:00 UTC,64434.0
2014-06-03 00:00:00 UTC,69695.0
2014-06-04 00:00:00 UTC,65054.0
2014-06-05 00:00:00 UTC,66945.0
2014-06-06 00:00:00 UTC,62342.0
2014-06-07 00:00:00 UTC,51210.0
2014-06-08 00:00:00 UTC,48308.0
2014-06-09 00:00:00 UTC,59875.0
2014-06-10 00:00:00 UTC,63316.0
2014-06-11 00:00:00 UTC,62827.0
2014-06-12 00:00:00 UTC,64744.0
2014-06-13 00:00:00 UTC,64739.0
2014-06-14 00:00:00 UTC,53596.0
2014-06-15 00:00:00 UTC,53916.0
2014-06-16 00:00:00 UTC,68262.0
2014-06-17 00:00:00 UTC,70077.0
2014-06-18 00:00:00 UTC,63888.0
2014-06-19 00:00:00 UTC,62454.0
2014-06-20 00:00:00 UTC,57381.0
2014-06-21 00:00:00 UTC,51173.0
2014-06-22 00:00:00 UTC,50104.0
2014-06-23 00:00:00 UTC,60216.0
2014-06-24 00:00:00 UTC,64883.0
2014-06-25 00:00:00 UTC,64397.0
2014-06-26 00:00:00 UTC,61432.0
2014-06-27 00:00:00 UTC,62966.0
2014-06-28 00:00:00 UTC,54392.0
2014-06-29 00:00:00 UTC,49094.0
2014-06-30 00:00:00 UTC,70231.0
2014-07-01 00:00:00 UTC,69443.0
2014-07-02 00:00:00 UTC,66728.0
2014-07-03 00:00:00 UTC,62849.0
2014-07-04 00:00:00 UTC,59494.0
2014-07-05 00:00:00 UTC,49954.0
2014-07-06 00:00:00 UTC,52139.0
2014-07-07 00:00:00 UTC,64686.0
2014-07-08 00:00:00 UTC,70117.0
2014-07-09 00:00:00 UTC,68518.0
2014-07-10 00:00:00 UTC,64605.0
2014-07-11 00:00:00 UTC,59077.0
2014-07-12 00:00:00 UTC,53454.0
2014-07-13 00:00:00 UTC,52417.0
2014-07-14 00:00:00 UTC,62761.0
2014-07-15 00:00:00 UTC,72316.0
2014-07-16 00:00:00 UTC,65571.0
2014-07-17 00:00:00 UTC,66233.0
2014-07-18 00:00:00 UTC,64062.0
2014-07-19 00:00:00 UTC,59553.0
2014-07-20 00:00:00 UTC,52001.0
2014-07-21 00:00:00 UTC,64190.0
2014-07-22 00:00:00 UTC,66858.0
2014-07-23 00:00:00 UTC,66883.0
2014-07-24 00:00:00 UTC,66276.0
2014-07-25 00:00:00 UTC,61498.0
2014-07-26 00:00:00 UTC,56333.0
2014-07-27 00:00:00 UTC,51991.0
2014-07-28 00:00:00 UTC,64744.0
2014-07-29 00:00:00 UTC,61607.0
2014-07-30 00:00:00 UTC,66153.0
2014-07-31 00:00:00 UTC,69761.0
2014-08-01 00:00:00 UTC,67915.0
2014-08-02 00:00:00 UTC,54989.0
2014-08-03 00:00:00 UTC,53621.0
2014-08-04 00:00:00 UTC,67847.0
2014-08-05 00:00:00 UTC,72823.0
2014-08-06 00:00:00 UTC,80402.0
2014-08-07 00:00:00 UTC,69913.0
2014-08-08 00:00:00 UTC,68297.0
2014-08-09 00:00:00 UTC,60599.0
2014-08-10 00:00:00 UTC,57913.0
2014-08-11 00:00:00 UTC,75575.0
2014-08-12 00:00:00 UTC,76982.0
2014-08-13 00:00:00 UTC,75738.0
2014-08-14 00:00:00 UTC,79082.0
2014-08-15 00:00:00 UTC,73193.0
2014-08-16 00:00:00 UTC,67974.0
2014-08-17 00:00:00 UTC,60223.0
2014-08-18 00:00:00 UTC,72758.0
2014-08-19 00:00:00 UTC,74740.0
2014-08-20 00:00:00 UTC,73842.0
2014-08-21 00:00:00 UTC,73164.0
2014-08-22 00:00:00 UTC,66998.0
2014-08-23 00:00:00 UTC,57593.0
2014-08-24 00:00:00 UTC,56695.0
2014-08-25 00:00:00 UTC,69894.0
2014-08-26 00:00:00 UTC,72660.0
2014-08-27 00:00:00 UTC,74581.0
2014-08-28 00:00:00 UTC,68628.0
2014-08-29 00:00:00 UTC,68614.0
2014-08-30 00:00:00 UTC,61214.0
2014-08-31 00:00:00 UTC,57755.0
2014-09-01 00:00:00 UTC,70383.0
2014-09-02 00:00:00 UTC,71909.0
2014-09-03 00:00:00 UTC,71868.0
2014-09-04 00:00:00 UTC,70810.0
2014-09-05 00:00:00 UTC,68038.0
2014-09-06 00:00:00 UTC,63369.0
2014-09-07 00:00:00 UTC,60352.0
2014-09-08 00:00:00 UTC,75766.0
2014-09-09 00:00:00 UTC,81812.0
2014-09-10 00:00:00 UTC,72558.0
2014-09-11 00:00:00 UTC,66026.0
2014-09-12 00:00:00 UTC,68384.0
2014-09-13 00:00:00 UTC,61246.0
2014-09-14 00:00:00 UTC,67655.0
2014-09-15 00:00:00 UTC,78666.0
2014-09-16 00:00:00 UTC,87234.0
2014-09-17 00:00:00 UTC,80305.0
2014-09-18 00:00:00 UTC,77364.0
2014-09-19 00:00:00 UTC,69437.0
2014-09-20 00:00:00 UTC,63482.0
2014-09-21 00:00:00 UTC,59800.0
2014-09-22 00:00:00 UTC,73289.0
2014-09-23 00:00:00 UTC,77283.0
2014-09-24 00:00:00 UTC,74974.0
2014-09-25 00:00:00 UTC,78523.0
2014-09-26 00:00:00 UTC,72555.0
2014-09-27 00:00:00 UTC,63138.0
2014-09-28 00:00:00 UTC,62440.0
2014-09-29 00:00:00 UTC,77924.0
2014-09-30 00:00:00 UTC,78006.0
2014-10-01 00:00:00 UTC,78779.0
2014-10-02 00:00:00 UTC,72086.0
2014-10-03 00:00:00 UTC,75094.0
2014-10-04 00:00:00 UTC,66632.0
2014-10-05 00:00:00 UTC,67330.0
2014-10-06 00:00:00 UTC,78049.0
2014-10-07 00:00:00 UTC,79069.0
2014-10-08 00:00:00 UTC,78818.0
2014-10-09 00:00:00 UTC,82789.0
2014-10-10 00:00:00 UTC,81058.0
2014-10-11 00:00:00 UTC,65020.0
2014-10-12 00:00:00 UTC,63509.0
2014-10-13 00:00:00 UTC,77942.0
2014-10-14 00:00:00 UTC,81364.0
2014-10-15 00:00:00 UTC,76257.0
2014-10-16 00:00:00 UTC,75737.0
2014-10-17 00:00:00 UTC,70839.0
2014-10-18 00:00:00 UTC,66477.0
2014-10-19 00:00:00 UTC,63255.0
2014-10-20 00:00:00 UTC,82700.0
2014-10-21 00:00:00 UTC,81651.0
2014-10-22 00:00:00 UTC,79987.0
2014-10-23 00:00:00 UTC,80638.0
2014-10-24 00:00:00 UTC,77906.0
2014-10-25 00:00:00 UTC,72515.0
2014-10-26 00:00:00 UTC,70762.0
2014-10-27 00:00:00 UTC,83977.0
2014-10-28 00:00:00 UTC,87980.0
2014-10-29 00:00:00 UTC,93667.0
2014-10-30 00:00:00 UTC,92622.0
2014-10-31 00:00:00 UTC,85703.0
2014-11-01 00:00:00 UTC,69591.0
2014-11-02 00:00:00 UTC,77170.0
2014-11-03 00:00:00 UTC,90351.0
2014-11-04 00:00:00 UTC,87617.0
2014-11-05 00:00:00 UTC,89460.0
2014-11-06 00:00:00 UTC,94296.0
2014-11-07 00:00:00 UTC,83957.0
2014-11-08 00:00:00 UTC,72717.0
2014-11-09 00:00:00 UTC,72212.0
2014-11-10 00:00:00 UTC,88994.0
2014-11-11 00:00:00 UTC,85618.0
2014-11-12 00:00:00 UTC,95579.0
2014-11-13 00:00:00 UTC,92958.0
2014-11-14 00:00:00 UTC,86307.0
2014-11-15 00:00:00 UTC,73242.0
2014-11-16 00:00:00 UTC,76009.0
2014-11-17 00:00:00 UTC,88354.0
2014-11-18 00:00:00 UTC,87524.0
2014-11-19 00:00:00 UTC,85271.0
2014-11-20 00:00:00 UTC,89388.0
2014-11-21 00:00:00 UTC,82179.0
2014-11-22 00:00:00 UTC,74725.0
2014-11-23 00:00:00 UTC,77283.0
2014-11-24 00:00:00 UTC,85807.0
2014-11-25 00:00:00 UTC,86134.0
2014-11-26 00:00:00 UTC,85111.0
2014-11-27 00:00:00 UTC,84682.0
2014-11-28 00:00:00 UTC,85912.0
2014-11-29 00:00:00 UTC,79098.0
2014-11-30 00:00:00 UTC,85013.0
2014-12-01 00:00:00 UTC,97623.0
2014-12-02 00:00:00 UTC,99419.0
2014-12-03 00:00:00 UTC,99348.0
2014-12-04 00:00:00 UTC,98348.0
2014-12-05 00:00:00 UTC,90900.0
2014-12-06 00:00:00 UTC,81230.0
2014-12-07 00:00:00 UTC,74792.0
2014-12-08 00:00:00 UTC,90746.0
2014-12-09 00:00:00 UTC,90220.0
2014-12-10 00:00:00 UTC,88798.0
2014-12-11 00:00:00 UTC,84005.0
2014-12-12 00:00:00 UTC,81297.0
2014-12-13 00:00:00 UTC,76207.0
2014-12-14 00:00:00 UTC,79703.0
2014-12-15 00:00:00 UTC,94459.0
2014-12-16 00:00:00 UTC,101064.0
2014-12-17 00:00:00 UTC,98444.0
2014-12-18 00:00:00 UTC,95207.0
2014-12-19 00:00:00 UTC,95405.0
2014-12-20 00:00:00 UTC,86901.0
2014-12-21 00:00:00 UTC,78963.0
2014-12-22 00:00:00 UTC,96511.0
2014-12-23 00:00:00 UTC,99469.0
2014-12-24 00:00:00 UTC,82347.0
2014-12-25 00:00:00 UTC,67918.0
2014-12-26 00:00:00 UTC,76198.0
2014-12-27 00:00:00 UTC,76814.0
2014-12-28 00:00:00 UTC,75715.0
2014-12-29 00:00:00 UTC,83447.0
2014-12-30 00:00:00 UTC,85049.0
2014-12-31 00:00:00 UTC,77411.0
2015-01-01 00:00:00 UTC,59344.0
2015-01-02 00:00:00 UTC,79287.0
2015-01-03 00:00:00 UTC,82227.0
2015-01-04 00:00:00 UTC,85694.0
2015-01-05 00:00:00 UTC,95585.0
2015-01-06 00:00:00 UTC,87821.0
2015-01-07 00:00:00 UTC,89916.0
2015-01-08 00:00:00 UTC,107132.0
2015-01-09 00:00:00 UTC,102275.0
2015-01-10 00:00:00 UTC,104874.0
2015-01-11 00:00:00 UTC,90630.0
2015-01-12 00:00:00 UTC,98969.0
2015-01-13 00:00:00 UTC,102309.0
2015-01-14 00:00:00 UTC,104765.0
2015-01-15 00:00:00 UTC,120390.0
2015-01-16 00:00:00 UTC,104699.0
2015-01-17 00:00:00 UTC,90499.0
2015-01-18 00:00:00 UTC,83186.0
2015-01-19 00:00:00 UTC,98485.0
2015-01-20 00:00:00 UTC,98925.0
2015-01-21 00:00:00 UTC,96959.0
2015-01-22 00:00:00 UTC,93698.0
2015-01-23 00:00:00 UTC,92011.0
2015-01-24 00:00:00 UTC,83557.0
2015-01-25 00:00:00 UTC,86558.0
2015-01-26 00:00:00 UTC,108181.0
2015-01-27 00:00:00 UTC,99393.0
2015-01-28 00:00:00 UTC,85232.0
2015-01-29 00:00:00 UTC,90879.0
2015-01-30 00:00:00 UTC,81199.0
2015-01-31 00:00:00 UTC,86312.0
2015-02-01 00:00:00 UTC,78994.0
2015-02-02 00:00:00 UTC,85987.0
2015-02-03 00:00:00 UTC,91793.0
2015-02-04 00:00:00 UTC,90814.0
2015-02-05 00:00:00 UTC,86567.0
2015-02-06 00:00:00 UTC,85705.0
2015-02-07 00:00:00 UTC,85699.0
2015-02-08 00:00:00 UTC,82679.0
2015-02-09 00:00:00 UTC,104758.0
2015-02-10 00:00:00 UTC,102975.0
2015-02-11 00:00:00 UTC,97048.0
2015-02-12 00:00:00 UTC,87427.0
2015-02-13 00:00:00 UTC,113660.0
2015-02-14 00:00:00 UTC,98773.0
2015-02-15 00:00:00 UTC,85267.0
2015-02-16 00:00:00 UTC,104632.0
2015-02-17 00:00:00 UTC,102988.0
2015-02-18 00:00:00 UTC,105719.0
2015-02-19 00:00:00 UTC,94552.0
2015-02-20 00:00:00 UTC,98714.0
2015-02-21 00:00:00 UTC,87827.0
2015-02-22 00:00:00 UTC,84942.0
2015-02-23 00:00:00 UTC,101515.0
2015-02-24 00:00:00 UTC,105125.0
2015-02-25 00:00:00 UTC,105394.0
2015-02-26 00:00:00 UTC,100817.0
2015-02-27 00:00:00 UTC,101474.0
2015-02-28 00:00:00 UTC,89632.0
2015-03-01 00:00:00 UTC,88728.0
2015-03-02 00:00:00 UTC,104937.0
2015-03-03 00:00:00 UTC,110981.0
2015-03-04 00:00:00 UTC,98529.0
2015-03-05 00:00:00 UTC,101115.0
2015-03-06 00:00:00 UTC,93869.0
2015-03-07 00:00:00 UTC,91505.0
2015-03-08 00:00:00 UTC,87527.0
2015-03-09 00:00:00 UTC,105536.0
2015-03-10 00:00:00 UTC,105541.0
2015-03-11 00:00:00 UTC,100765.0
2015-03-12 00:00:00 UTC,97095.0
2015-03-13 00:00:00 UTC,96036.0
2015-03-14 00:00:00 UTC,89511.0
2015-03-15 00:00:00 UTC,84934.0
2015-03-16 00:00:00 UTC,105218.0
2015-03-17 00:00:00 UTC,99561.0
2015-03-18 00:00:00 UTC,99607.0
2015-03-19 00:00:00 UTC,106297.0
2015-03-20 00:00:00 UTC,103532.0
2015-03-21 00:00:00 UTC,92836.0
2015-03-22 00:00:00 UTC,90586.0
2015-03-23 00:00:00 UTC,106019.0
2015-03-24 00:00:00 UTC,92927.0
2015-03-25 00:00:00 UTC,97138.0
2015-03-26 00:00:00 UTC,101181.0
2015-03-27 00:00:00 UTC,99491.0
2015-03-28 00:00:00 UTC,87374.0
2015-03-29 00:00:00 UTC,90516.0
2015-03-30 00:00:00 UTC,106355.0
2015-03-31 00:00:00 UTC,115111.0
2015-04-01 00:00:00 UTC,119343.0
2015-04-02 00:00:00 UTC,112070.0
2015-04-03 00:00:00 UTC,104546.0
2015-04-04 00:00:00 UTC,89651.0
2015-04-05 00:00:00 UTC,95023.0
2015-04-06 00:00:00 UTC,107449.0
2015-04-07 00:00:00 UTC,108714.0
2015-04-08 00:00:00 UTC,110751.0
2015-04-09 00:00:00 UTC,116620.0
2015-04-10 00:00:00 UTC,112826.0
2015-04-11 00:00:00 UTC,99429.0
2015-04-12 00:00:00 UTC,86999.0
2015-04-13 00:00:00 UTC,115407.0
2015-04-14 00:00:00 UTC,110150.0
2015-04-15 00:00:00 UTC,107606.0
2015-04-16 00:00:00 UTC,99046.0
2015-04-17 00:00:00 UTC,102755.0
2015-04-18 00:00:00 UTC,97709.0
2015-04-19 00:00:00 UTC,91134.0
2015-04-20 00:00:00 UTC,116746.0
2015-04-21 00:00:00 UTC,112502.0
2015-04-22 00:00:00 UTC,111878.0
2015-04-23 00:00:00 UTC,109838.0
2015-04-24 00:00:00 UTC,108776.0
2015-04-25 00:00:00 UTC,98465.0
2015-04-26 00:00:00 UTC,92999.0
2015-04-27 00:00:00 UTC,113775.0
2015-04-28 00:00:00 UTC,113193.0
2015-04-29 00:00:00 UTC,117260.0
2015-04-30 00:00:00 UTC,112958.0
2015-05-01 00:00:00 UTC,99560.0
2015-05-02 00:00:00 UTC,95102.0
2015-05-03 00:00:00 UTC,84602.0
2015-05-04 00:00:00 UTC,104000.0
2015-05-05 00:00:00 UTC,115348.0
2015-05-06 00:00:00 UTC,111733.0
2015-05-07 00:00:00 UTC,111125.0
2015-05-08 00:00:00 UTC,109145.0
2015-05-09 00:00:00 UTC,94716.0
2015-05-10 00:00:00 UTC,89409.0
2015-05-11 00:00:00 UTC,111374.0
2015-05-12 00:00:00 UTC,110101.0
2015-05-13 00:00:00 UTC,108858.0
2015-05-14 00:00:00 UTC,101584.0
2015-05-15 00:00:00 UTC,105160.0
2015-05-16 00:00:00 UTC,90686.0
2015-05-17 00:00:00 UTC,87162.0
2015-05-18 00:00:00 UTC,98578.0
2015-05-19 00:00:00 UTC,107346.0
2015-05-20 00:00:00 UTC,106888.0
2015-05-21 00:00:00 UTC,98302.0
2015-05-22 00:00:00 UTC,102770.0
2015-05-23 00:00:00 UTC,86279.0
2015-05-24 00:00:00 UTC,94044.0
2015-05-25 00:00:00 UTC,106086.0
2015-05-26 00:00:00 UTC,108384.0
2015-05-27 00:00:00 UTC,108089.0
2015-05-28 00:00:00 UTC,110980.0
2015-05-29 00:00:00 UTC,124052.0
2015-05-30 00:00:00 UTC,127801.0
2015-05-31 00:00:00 UTC,98784.0
2015-06-01 00:00:00 UTC,128696.0
2015-06-02 00:00:00 UTC,128207.0
2015-06-03 00:00:00 UTC,127600.0
2015-06-04 00:00:00 UTC,118346.0
2015-06-05 00:00:00 UTC,110201.0
2015-06-06 00:00:00 UTC,92696.0
2015-06-07 00:00:00 UTC,83627.0
2015-06-08 00:00:00 UTC,108173.0
2015-06-09 00:00:00 UTC,121638.0
2015-06-10 00:00:00 UTC,131279.0
2015-06-11 00:00:00 UTC,120624.0
2015-06-12 00:00:00 UTC,126945.0
2015-06-13 00:00:00 UTC,105843.0
2015-06-14 00:00:00 UTC,103036.0
2015-06-15 00:00:00 UTC,129389.0
2015-06-16 00:00:00 UTC,121541.0
2015-06-17 00:00:00 UTC,133122.0
2015-06-18 00:00:00 UTC,124929.0
2015-06-19 00:00:00 UTC,125222.0
2015-06-20 00:00:00 UTC,102012.0
2015-06-21 00:00:00 UTC,96654.0
2015-06-22 00:00:00 UTC,119345.0
2015-06-23 00:00:00 UTC,125560.0
2015-06-24 00:00:00 UTC,113093.0
2015-06-25 00:00:00 UTC,111468.0
2015-06-26 00:00:00 UTC,116432.0
2015-06-27 00:00:00 UTC,106004.0
2015-06-28 00:00:00 UTC,99145.0
2015-06-29 00:00:00 UTC,124180.0
2015-06-30 00:00:00 UTC,155869.0
2015-07-01 00:00:00 UTC,144112.0
2015-07-02 00:00:00 UTC,142153.0
2015-07-03 00:00:00 UTC,129719.0
2015-07-04 00:00:00 UTC,104582.0
2015-07-05 00:00:00 UTC,115084.0
2015-07-06 00:00:00 UTC,174070.0
2015-07-07 00:00:00 UTC,190747.0
2015-07-08 00:00:00 UTC,201747.0
2015-07-09 00:00:00 UTC,191163.0
2015-07-10 00:00:00 UTC,193020.0
2015-07-11 00:00:00 UTC,186200.0
2015-07-12 00:00:00 UTC,208685.0
2015-07-13 00:00:00 UTC,159695.0
2015-07-14 00:00:00 UTC,122618.0
2015-07-15 00:00:00 UTC,115570.0
2015-07-16 00:00:00 UTC,114387.0
2015-07-17 00:00:00 UTC,116906.0
2015-07-18 00:00:00 UTC,130695.0
2015-07-19 00:00:00 UTC,120887.0
2015-07-20 00:00:00 UTC,125258.0
2015-07-21 00:00:00 UTC,133785.0
2015-07-22 00:00:00 UTC,131259.0
2015-07-23 00:00:00 UTC,109620.0
2015-07-24 00:00:00 UTC,109918.0
2015-07-25 00:00:00 UTC,100544.0
2015-07-26 00:00:00 UTC,92776.0
2015-07-27 00:00:00 UTC,115226.0
2015-07-28 00:00:00 UTC,118350.0
2015-07-29 00:00:00 UTC,143200.0
2015-07-30 00:00:00 UTC,123577.0
2015-07-31 00:00:00 UTC,147503.0
2015-08-01 00:00:00 UTC,147481.0
2015-08-02 00:00:00 UTC,103600.0
2015-08-03 00:00:00 UTC,119844.0
2015-08-04 00:00:00 UTC,132547.0
2015-08-05 00:00:00 UTC,133758.0
2015-08-06 00:00:00 UTC,134838.0
2015-08-07 00:00:00 UTC,111345.0
2015-08-08 00:00:00 UTC,101512.0
2015-08-09 00:00:00 UTC,90534.0
2015-08-10 00:00:00 UTC,116841.0
2015-08-11 00:00:00 UTC,114741.0
2015-08-12 00:00:00 UTC,117898.0
2015-08-13 00:00:00 UTC,117507.0
2015-08-14 00:00:00 UTC,111255.0
2015-08-15 00:00:00 UTC,94944.0
2015-08-16 00:00:00 UTC,89498.0
2015-08-17 00:00:00 UTC,115049.0
2015-08-18 00:00:00 UTC,119798.0
2015-08-19 00:00:00 UTC,120151.0
2015-08-20 00:00:00 UTC,118230.0
2015-08-21 00:00:00 UTC,113792.0
2015-08-22 00:00:00 UTC,105665.0
2015-08-23 00:00:00 UTC,94529.0
2015-08-24 00:00:00 UTC,125368.0
2015-08-25 00:00:00 UTC,121973.0
2015-08-26 00:00:00 UTC,122852.0
2015-08-27 00:00:00 UTC,120079.0
2015-08-28 00:00:00 UTC,120385.0
2015-08-29 00:00:00 UTC,107489.0
2015-08-30 00:00:00 UTC,98339.0
2015-08-31 00:00:00 UTC,127260.0
2015-09-01 00:00:00 UTC,130410.0
2015-09-02 00:00:00 UTC,150066.0
2015-09-03 00:00:00 UTC,128682.0
2015-09-04 00:00:00 UTC,103973.0
2015-09-05 00:00:00 UTC,124218.0
2015-09-06 00:00:00 UTC,106293.0
2015-09-07 00:00:00 UTC,125467.0
2015-09-08 00:00:00 UTC,125379.0
2015-09-09 00:00:00 UTC,126457.0
2015-09-10 00:00:00 UTC,124951.0
2015-09-11 00:00:00 UTC,180002.0
2015-09-12 00:00:00 UTC,137740.0
2015-09-13 00:00:00 UTC,146048.0
2015-09-14 00:00:00 UTC,166715.0
2015-09-15 00:00:00 UTC,162999.0
2015-09-16 00:00:00 UTC,167269.0
2015-09-17 00:00:00 UTC,259279.0
2015-09-18 00:00:00 UTC,161504.0
2015-09-19 00:00:00 UTC,114851.0
2015-09-20 00:00:00 UTC,109158.0
2015-09-21 00:00:00 UTC,131679.0
2015-09-22 00:00:00 UTC,136784.0
2015-09-23 00:00:00 UTC,131400.0
2015-09-24 00:00:00 UTC,125367.0
2015-09-25 00:00:00 UTC,128166.0
2015-09-26 00:00:00 UTC,115622.0
2015-09-27 00:00:00 UTC,108749.0
2015-09-28 00:00:00 UTC,138570.0
2015-09-29 00:00:00 UTC,140664.0
2015-09-30 00:00:00 UTC,139848.0
2015-10-01 00:00:00 UTC,134327.0
2015-10-02 00:00:00 UTC,139746.0
2015-10-03 00:00:00 UTC,119567.0
2015-10-04 00:00:00 UTC,103531.0
2015-10-05 00:00:00 UTC,125548.0
2015-10-06 00:00:00 UTC,144510.0
2015-10-07 00:00:00 UTC,134931.0
2015-10-08 00:00:00 UTC,140348.0
2015-10-09 00:00:00 UTC,114644.0
2015-10-10 00:00:00 UTC,127005.0
2015-10-11 00:00:00 UTC,104550.0
2015-10-12 00:00:00 UTC,134410.0
2015-10-13 00:00:00 UTC,134878.0
2015-10-14 00:00:00 UTC,141985.0
2015-10-15 00:00:00 UTC,153495.0
2015-10-16 00:00:00 UTC,143286.0
2015-10-17 00:00:00 UTC,135911.0
2015-10-18 00:00:00 UTC,119706.0
2015-10-19 00:00:00 UTC,143969.0
2015-10-20 00:00:00 UTC,146349.0
2015-10-21 00:00:00 UTC,150199.0
2015-10-22 00:00:00 UTC,147402.0
2015-10-23 00:00:00 UTC,143468.0
2015-10-24 00:00:00 UTC,140128.0
2015-10-25 00:00:00 UTC,131488.0
2015-10-26 00:00:00 UTC,116400.0
2015-10-27 00:00:00 UTC,153740.0
2015-10-28 00:00:00 UTC,160175.0
2015-10-29 00:00:00 UTC,161062.0
2015-10-30 00:00:00 UTC,166695.0
2015-10-31 00:00:00 UTC,155400.0
2015-11-01 00:00:00 UTC,152488.0
2015-11-02 00:00:00 UTC,172108.0
2015-11-03 00:00:00 UTC,186362.0
2015-11-04 00:00:00 UTC,204198.0
2015-11-05 00:00:00 UTC,182809.0
2015-11-06 00:00:00 UTC,166893.0
2015-11-07 00:00:00 UTC,151497.0
2015-11-08 00:00:00 UTC,132550.0
2015-11-09 00:00:00 UTC,159836.0
2015-11-10 00:00:00 UTC,161962.0
2015-11-11 00:00:00 UTC,158929.0
2015-11-12 00:00:00 UTC,157847.0
2015-11-13 00:00:00 UTC,154827.0
2015-11-14 00:00:00 UTC,150474.0
2015-11-15 00:00:00 UTC,143369.0
2015-11-16 00:00:00 UTC,158316.0
2015-11-17 00:00:00 UTC,156688.0
2015-11-18 00:00:00 UTC,165269.0
2015-11-19 00:00:00 UTC,154483.0
2015-11-20 00:00:00 UTC,155774.0
2015-11-21 00:00:00 UTC,151035.0
2015-11-22 00:00:00 UTC,129659.0
2015-11-23 00:00:00 UTC,145272.0
2015-11-24 00:00:00 UTC,152324.0
2015-11-25 00:00:00 UTC,151861.0
2015-11-26 00:00:00 UTC,164671.0
2015-11-27 00:00:00 UTC,160235.0
2015-11-28 00:00:00 UTC,165676.0
2015-11-29 00:00:00 UTC,129850.0
2015-11-30 00:00:00 UTC,182648.0
2015-12-01 00:00:00 UTC,178112.0
2015-12-02 00:00:00 UTC,183523.0
2015-12-03 00:00:00 UTC,164774.0
2015-12-04 00:00:00 UTC,173586.0
2015-12-05 00:00:00 UTC,186194.0
2015-12-06 00:00:00 UTC,179712.0
2015-12-07 00:00:00 UTC,192830.0
2015-12-08 00:00:00 UTC,195221.0
2015-12-09 00:00:00 UTC,220323.0
2015-12-10 00:00:00 UTC,212036.0
2015-12-11 00:00:00 UTC,210259.0
2015-12-12 00:00:00 UTC,204141.0
2015-12-13 00:00:00 UTC,189914.0
2015-12-14 00:00:00 UTC,231477.0
2015-12-15 00:00:00 UTC,223998.0
2015-12-16 00:00:00 UTC,220420.0
2015-12-17 00:00:00 UTC,216297.0
2015-12-18 00:00:00 UTC,213847.0
2015-12-19 00:00:00 UTC,213876.0
2015-12-20 00:00:00 UTC,193847.0
2015-12-21 00:00:00 UTC,229444.0
2015-12-22 00:00:00 UTC,222717.0
2015-12-23 00:00:00 UTC,221075.0
2015-12-24 00:00:00 UTC,210228.0
2015-12-25 00:00:00 UTC,180383.0
2015-12-26 00:00:00 UTC,179363.0
2015-12-27 00:00:00 UTC,160271.0
2015-12-28 00:00:00 UTC,173129.0
2015-12-29 00:00:00 UTC,184618.0
2015-12-30 00:00:00 UTC,176447.0
2015-12-31 00:00:00 UTC,155362.0
2016-01-01 00:00:00 UTC,124092.0
2016-01-02 00:00:00 UTC,149038.0
2016-01-03 00:00:00 UTC,142608.0
2016-01-04 00:00:00 UTC,181354.0
2016-01-05 00:00:00 UTC,182371.0
2016-01-06 00:00:00 UTC,172090.0
2016-01-07 00:00:00 UTC,190234.0
2016-01-08 00:00:00 UTC,181407.0
2016-01-09 00:00:00 UTC,179968.0
2016-01-10 00:00:00 UTC,161317.0
2016-01-11 00:00:00 UTC,191196.0
2016-01-12 00:00:00 UTC,194874.0
2016-01-13 00:00:00 UTC,188131.0
2016-01-14 00:00:00 UTC,183182.0
2016-01-15 00:00:00 UTC,183642.0
2016-01-16 00:00:00 UTC,191300.0
2016-01-17 00:00:00 UTC,204128.0
2016-01-18 00:00:00 UTC,213905.0
2016-01-19 00:00:00 UTC,186858.0
2016-01-20 00:00:00 UTC,209071.0
2016-01-21 00:00:00 UTC,222743.0
2016-01-22 00:00:00 UTC,213683.0
2016-01-23 00:00:00 UTC,190400.0
2016-01-24 00:00:00 UTC,201425.0
2016-01-25 00:00:00 UTC,222150.0
2016-01-26 00:00:00 UTC,230523.0
2016-01-27 00:00:00 UTC,229677.0
2016-01-28 00:00:00 UTC,225025.0
2016-01-29 00:00:00 UTC,224394.0
2016-01-30 00:00:00 UTC,194794.0
2016-01-31 00:00:00 UTC,176045.0
2016-02-01 00:00:00 UTC,222398.0
2016-02-02 00:00:00 UTC,241722.0
2016-02-03 00:00:00 UTC,191224.0
2016-02-04 00:00:00 UTC,200661.0
2016-02-05 00:00:00 UTC,225488.0
2016-02-06 00:00:00 UTC,224156.0
2016-02-07 00:00:00 UTC,212190.0
2016-02-08 00:00:00 UTC,224755.0
2016-02-09 00:00:00 UTC,231240.0
2016-02-10 00:00:00 UTC,235527.0
2016-02-11 00:00:00 UTC,220934.0
2016-02-12 00:00:00 UTC,202527.0
2016-02-13 00:00:00 UTC,184675.0
2016-02-14 00:00:00 UTC,186088.0
2016-02-15 00:00:00 UTC,220349.0
2016-02-16 00:00:00 UTC,215940.0
2016-02-17 00:00:00 UTC,227235.0
2016-02-18 00:00:00 UTC,212979.0
2016-02-19 00:00:00 UTC,217436.0
2016-02-20 00:00:00 UTC,215728.0
2016-02-21 00:00:00 UTC,206617.0
2016-02-22 00:00:00 UTC,237696.0
2016-02-23 00:00:00 UTC,244748.0
2016-02-24 00:00:00 UTC,224927.0
2016-02-25 00:00:00 UTC,216290.0
2016-02-26 00:00:00 UTC,203635.0
2016-02-27 00:00:00 UTC,182177.0
2016-02-28 00:00:00 UTC,233436.0
2016-02-29 00:00:00 UTC,265320.0
2016-03-01 00:00:00 UTC,277094.0
2016-03-02 00:00:00 UTC,270206.0
2016-03-03 00:00:00 UTC,221652.0
2016-03-04 00:00:00 UTC,207485.0
2016-03-05 00:00:00 UTC,234992.0
2016-03-06 00:00:00 UTC,161739.0
2016-03-07 00:00:00 UTC,183255.0
2016-03-08 00:00:00 UTC,200298.0
2016-03-09 00:00:00 UTC,190388.0
2016-03-10 00:00:00 UTC,188726.0
2016-03-11 00:00:00 UTC,189816.0
2016-03-12 00:00:00 UTC,168013.0
2016-03-13 00:00:00 UTC,149803.0
2016-03-14 00:00:00 UTC,191341.0
2016-03-15 00:00:00 UTC,202426.0
2016-03-16 00:00:00 UTC,211992.0
2016-03-17 00:00:00 UTC,208319.0
2016-03-18 00:00:00 UTC,206022.0
2016-03-19 00:00:00 UTC,177478.0
2016-03-20 00:00:00 UTC,178143.0
2016-03-21 00:00:00 UTC,199006.0
2016-03-22 00:00:00 UTC,205208.0
2016-03-23 00:00:00 UTC,186808.0
2016-03-24 00:00:00 UTC,190094.0
2016-03-25 00:00:00 UTC,172309.0
2016-03-26 00:00:00 UTC,159049.0
2016-03-27 00:00:00 UTC,160266.0
2016-03-28 00:00:00 UTC,196080.0
2016-03-29 00:00:00 UTC,197409.0
2016-03-30 00:00:00 UTC,201028.0
2016-03-31 00:00:00 UTC,206476.0
2016-04-01 00:00:00 UTC,211922.0
2016-04-02 00:00:00 UTC,183503.0
2016-04-03 00:00:00 UTC,178429.0
2016-04-04 00:00:00 UTC,208929.0
2016-04-05 00:00:00 UTC,216176.0
2016-04-06 00:00:00 UTC,219290.0
2016-04-07 00:00:00 UTC,218463.0
2016-04-08 00:00:00 UTC,214191.0
2016-04-09 00:00:00 UTC,196441.0
2016-04-10 00:00:00 UTC,186954.0
2016-04-11 00:00:00 UTC,230040.0
2016-04-12 00:00:00 UTC,240206.0
2016-04-13 00:00:00 UTC,223506.0
2016-04-14 00:00:00 UTC,227928.0
2016-04-15 00:00:00 UTC,212178.0
2016-04-16 00:00:00 UTC,182004.0
2016-04-17 00:00:00 UTC,192428.0
2016-04-18 00:00:00 UTC,220395.0
2016-04-19 00:00:00 UTC,226511.0
2016-04-20 00:00:00 UTC,216780.0
2016-04-21 00:00:00 UTC,212795.0
2016-04-22 00:00:00 UTC,210976.0
2016-04-23 00:00:00 UTC,185216.0
2016-04-24 00:00:00 UTC,183155.0
2016-04-25 00:00:00 UTC,217564.0
2016-04-26 00:00:00 UTC,250744.0
2016-04-27 00:00:00 UTC,239435.0
2016-04-28 00:00:00 UTC,247957.0
2016-04-29 00:00:00 UTC,261884.0
2016-04-30 00:00:00 UTC,215712.0
2016-05-01 00:00:00 UTC,191430.0
2016-05-02 00:00:00 UTC,223785.0
2016-05-03 00:00:00 UTC,235609.0
2016-05-04 00:00:00 UTC,233691.0
2016-05-05 00:00:00 UTC,229573.0
2016-05-06 00:00:00 UTC,233232.0
2016-05-07 00:00:00 UTC,202062.0
2016-05-08 00:00:00 UTC,189025.0
2016-05-09 00:00:00 UTC,226449.0
2016-05-10 00:00:00 UTC,245721.0
2016-05-11 00:00:00 UTC,234412.0
2016-05-12 00:00:00 UTC,228409.0
2016-05-13 00:00:00 UTC,232146.0
2016-05-14 00:00:00 UTC,211280.0
2016-05-15 00:00:00 UTC,200171.0
2016-05-16 00:00:00 UTC,239809.0
2016-05-17 00:00:00 UTC,238626.0
2016-05-18 00:00:00 UTC,235083.0
2016-05-19 00:00:00 UTC,219145.0
2016-05-20 00:00:00 UTC,209396.0
2016-05-21 00:00:00 UTC,191461.0
2016-05-22 00:00:00 UTC,184348.0
2016-05-23 00:00:00 UTC,222754.0
2016-05-24 00:00:00 UTC,246517.0
2016-05-25 00:00:00 UTC,247841.0
2016-05-26 00:00:00 UTC,220091.0
2016-05-27 00:00:00 UTC,215296.0
2016-05-28 00:00:00 UTC,193054.0
2016-05-29 00:00:00 UTC,178742.0
2016-05-30 00:00:00 UTC,211368.0
2016-05-31 00:00:00 UTC,215249.0
2016-06-01 00:00:00 UTC,234384.0
2016-06-02 00:00:00 UTC,231099.0
2016-06-03 00:00:00 UTC,234669.0
2016-06-04 00:00:00 UTC,196665.0
2016-06-05 00:00:00 UTC,189802.0
2016-06-06 00:00:00 UTC,221171.0
2016-06-07 00:00:00 UTC,231016.0
2016-06-08 00:00:00 UTC,229933.0
2016-06-09 00:00:00 UTC,236353.0
2016-06-10 00:00:00 UTC,228367.0
2016-06-11 00:00:00 UTC,213159.0
2016-06-12 00:00:00 UTC,210711.0
2016-06-13 00:00:00 UTC,251354.0
2016-06-14 00:00:00 UTC,246829.0
2016-06-15 00:00:00 UTC,259202.0
2016-06-16 00:00:00 UTC,267870.0
2016-06-17 00:00:00 UTC,253752.0
2016-06-18 00:00:00 UTC,235317.0
2016-06-19 00:00:00 UTC,218298.0
2016-06-20 00:00:00 UTC,249334.0
2016-06-21 00:00:00 UTC,248164.0
2016-06-22 00:00:00 UTC,235641.0
2016-06-23 00:00:00 UTC,241300.0
2016-06-24 00:00:00 UTC,237625.0
2016-06-25 00:00:00 UTC,206919.0
2016-06-26 00:00:00 UTC,181348.0
2016-06-27 00:00:00 UTC,217029.0
2016-06-28 00:00:00 UTC,212607.0
2016-06-29 00:00:00 UTC,224112.0
2016-06-30 00:00:00 UTC,231960.0
2016-07-01 00:00:00 UTC,205801.0
2016-07-02 00:00:00 UTC,198875.0
2016-07-03 00:00:00 UTC,177127.0
2016-07-04 00:00:00 UTC,213900.0
2016-07-05 00:00:00 UTC,214959.0
2016-07-06 00:00:00 UTC,214691.0
2016-07-07 00:00:00 UTC,215548.0
2016-07-08 00:00:00 UTC,210701.0
2016-07-09 00:00:00 UTC,185405.0
2016-07-10 00:00:00 UTC,162608.0
2016-07-11 00:00:00 UTC,218089.0
2016-07-12 00:00:00 UTC,219034.0
2016-07-13 00:00:00 UTC,216503.0
2016-07-14 00:00:00 UTC,217695.0
2016-07-15 00:00:00 UTC,216081.0
2016-07-16 00:00:00 UTC,182192.0
2016-07-17 00:00:00 UTC,171013.0
2016-07-18 00:00:00 UTC,222835.0
2016-07-19 00:00:00 UTC,222146.0
2016-07-20 00:00:00 UTC,227429.0
2016-07-21 00:00:00 UTC,217606.0
2016-07-22 00:00:00 UTC,221404.0
2016-07-23 00:00:00 UTC,195796.0
2016-07-24 00:00:00 UTC,183890.0
2016-07-25 00:00:00 UTC,239715.0
2016-07-26 00:00:00 UTC,237673.0
2016-07-27 00:00:00 UTC,235603.0
2016-07-28 00:00:00 UTC,234863.0
2016-07-29 00:00:00 UTC,231414.0
2016-07-30 00:00:00 UTC,199484.0
2016-07-31 00:00:00 UTC,192254.0
2016-08-01 00:00:00 UTC,225049.0
2016-08-02 00:00:00 UTC,251098.0
2016-08-03 00:00:00 UTC,241782.0
2016-08-04 00:00:00 UTC,231835.0
2016-08-05 00:00:00 UTC,228244.0
2016-08-06 00:00:00 UTC,195669.0
2016-08-07 00:00:00 UTC,192414.0
2016-08-08 00:00:00 UTC,235295.0
2016-08-09 00:00:00 UTC,231400.0
2016-08-10 00:00:00 UTC,244740.0
2016-08-11 00:00:00 UTC,254515.0
2016-08-12 00:00:00 UTC,232973.0
2016-08-13 00:00:00 UTC,214569.0
2016-08-14 00:00:00 UTC,200174.0
2016-08-15 00:00:00 UTC,202896.0
2016-08-16 00:00:00 UTC,254431.0
2016-08-17 00:00:00 UTC,238003.0
2016-08-18 00:00:00 UTC,239541.0
2016-08-19 00:00:00 UTC,246095.0
2016-08-20 00:00:00 UTC,208224.0
2016-08-21 00:00:00 UTC,184904.0
2016-08-22 00:00:00 UTC,228373.0
2016-08-23 00:00:00 UTC,239021.0
2016-08-24 00:00:00 UTC,235130.0
2016-08-25 00:00:00 UTC,234009.0
2016-08-26 00:00:00 UTC,226767.0
2016-08-27 00:00:00 UTC,191098.0
2016-08-28 00:00:00 UTC,174489.0
2016-08-29 00:00:00 UTC,225282.0
2016-08-30 00:00:00 UTC,252002.0
2016-08-31 00:00:00 UTC,225360.0
2016-09-01 00:00:00 UTC,237466.0
2016-09-02 00:00:00 UTC,225856.0
2016-09-03 00:00:00 UTC,182204.0
2016-09-04 00:00:00 UTC,183244.0
2016-09-05 00:00:00 UTC,227683.0
2016-09-06 00:00:00 UTC,232118.0
2016-09-07 00:00:00 UTC,250809.0
2016-09-08 00:00:00 UTC,227006.0
2016-09-09 00:00:00 UTC,220534.0
2016-09-10 00:00:00 UTC,193320.0
2016-09-11 00:00:00 UTC,180391.0
2016-09-12 00:00:00 UTC,208649.0
2016-09-13 00:00:00 UTC,239886.0
2016-09-14 00:00:00 UTC,231800.0
2016-09-15 00:00:00 UTC,233488.0
2016-09-16 00:00:00 UTC,211128.0
2016-09-17 00:00:00 UTC,215529.0
2016-09-18 00:00:00 UTC,191603.0
2016-09-19 00:00:00 UTC,223540.0
2016-09-20 00:00:00 UTC,244315.0
2016-09-21 00:00:00 UTC,239216.0
2016-09-22 00:00:00 UTC,231227.0
2016-09-23 00:00:00 UTC,223187.0
2016-09-24 00:00:00 UTC,208650.0
2016-09-25 00:00:00 UTC,195642.0
2016-09-26 00:00:00 UTC,230769.0
2016-09-27 00:00:00 UTC,240335.0
2016-09-28 00:00:00 UTC,234995.0
2016-09-29 00:00:00 UTC,242730.0
2016-09-30 00:00:00 UTC,250943.0
2016-10-01 00:00:00 UTC,213930.0
2016-10-02 00:00:00 UTC,192683.0
2016-10-03 00:00:00 UTC,258805.0
2016-10-04 00:00:00 UTC,264662.0
2016-10-05 00:00:00 UTC,266811.0
2016-10-06 00:00:00 UTC,274486.0
2016-10-07 00:00:00 UTC,266324.0
2016-10-08 00:00:00 UTC,250672.0
2016-10-09 00:00:00 UTC,210548.0
2016-10-10 00:00:00 UTC,222996.0
2016-10-11 00:00:00 UTC,263565.0
2016-10-12 00:00:00 UTC,233440.0
2016-10-13 00:00:00 UTC,229703.0
2016-10-14 00:00:00 UTC,239724.0
2016-10-15 00:00:00 UTC,210448.0
2016-10-16 00:00:00 UTC,197876.0
2016-10-17 00:00:00 UTC,237232.0
2016-10-18 00:00:00 UTC,251521.0
2016-10-19 00:00:00 UTC,199083.0
2016-10-20 00:00:00 UTC,270380.0
2016-10-21 00:00:00 UTC,265355.0
2016-10-22 00:00:00 UTC,216708.0
2016-10-23 00:00:00 UTC,191578.0
2016-10-24 00:00:00 UTC,226980.0
2016-10-25 00:00:00 UTC,237030.0
2016-10-26 00:00:00 UTC,223316.0
2016-10-27 00:00:00 UTC,326388.0
2016-10-28 00:00:00 UTC,250876.0
2016-10-29 00:00:00 UTC,229689.0
2016-10-30 00:00:00 UTC,207982.0
2016-10-31 00:00:00 UTC,241778.0
2016-11-01 00:00:00 UTC,246650.0
2016-11-02 00:00:00 UTC,268418.0
2016-11-03 00:00:00 UTC,271998.0
2016-11-04 00:00:00 UTC,248043.0
2016-11-05 00:00:00 UTC,238215.0
2016-11-06 00:00:00 UTC,225786.0
2016-11-07 00:00:00 UTC,274281.0
2016-11-08 00:00:00 UTC,296060.0
2016-11-09 00:00:00 UTC,270095.0
2016-11-10 00:00:00 UTC,271374.0
2016-11-11 00:00:00 UTC,254619.0
2016-11-12 00:00:00 UTC,228886.0
2016-11-13 00:00:00 UTC,219657.0
2016-11-14 00:00:00 UTC,270506.0
2016-11-15 00:00:00 UTC,280352.0
2016-11-16 00:00:00 UTC,289789.0
2016-11-17 00:00:00 UTC,277460.0
2016-11-18 00:00:00 UTC,275925.0
2016-11-19 00:00:00 UTC,249760.0
2016-11-20 00:00:00 UTC,243591.0
2016-11-21 00:00:00 UTC,285793.0
2016-11-22 00:00:00 UTC,285635.0
2016-11-23 00:00:00 UTC,276924.0
2016-11-24 00:00:00 UTC,328538.0
2016-11-25 00:00:00 UTC,315387.0
2016-11-26 00:00:00 UTC,277608.0
2016-11-27 00:00:00 UTC,237389.0
2016-11-28 00:00:00 UTC,298530.0
2016-11-29 00:00:00 UTC,289650.0
2016-11-30 00:00:00 UTC,292654.0
2016-12-01 00:00:00 UTC,239682.0
2016-12-02 00:00:00 UTC,315478.0
2016-12-03 00:00:00 UTC,287988.0
2016-12-04 00:00:00 UTC,245650.0
2016-12-05 00:00:00 UTC,278001.0
2016-12-06 00:00:00 UTC,319762.0
2016-12-07 00:00:00 UTC,310754.0
2016-12-08 00:00:00 UTC,282711.0
2016-12-09 00:00:00 UTC,268815.0
2016-12-10 00:00:00 UTC,250241.0
2016-12-11 00:00:00 UTC,229933.0
2016-12-12 00:00:00 UTC,268662.0
2016-12-13 00:00:00 UTC,291757.0
2016-12-14 00:00:00 UTC,286328.0
2016-12-15 00:00:00 UTC,282685.0
2016-12-16 00:00:00 UTC,279361.0
2016-12-17 00:00:00 UTC,238130.0
2016-12-18 00:00:00 UTC,235789.0
2016-12-19 00:00:00 UTC,282129.0
2016-12-20 00:00:00 UTC,296473.0
2016-12-21 00:00:00 UTC,325677.0
2016-12-22 00:00:00 UTC,314644.0
2016-12-23 00:00:00 UTC,304997.0
2016-12-24 00:00:00 UTC,240820.0
2016-12-25 00:00:00 UTC,197364.0
2016-12-26 00:00:00 UTC,244914.0
2016-12-27 00:00:00 UTC,296546.0
2016-12-28 00:00:00 UTC,305394.0
2016-12-29 00:00:00 UTC,304605.0
2016-12-30 00:00:00 UTC,286818.0
2016-12-31 00:00:00 UTC,250273.0
2017-01-01 00:00:00 UTC,180502.0
2017-01-02 00:00:00 UTC,290951.0
2017-01-03 00:00:00 UTC,301664.0
2017-01-04 00:00:00 UTC,328642.0
2017-01-05 00:00:00 UTC,288501.0
2017-01-06 00:00:00 UTC,346405.0
2017-01-07 00:00:00 UTC,282060.0
2017-01-08 00:00:00 UTC,260101.0
2017-01-09 00:00:00 UTC,269947.0
2017-01-10 00:00:00 UTC,323888.0
2017-01-11 00:00:00 UTC,303058.0
2017-01-12 00:00:00 UTC,295125.0
2017-01-13 00:00:00 UTC,272747.0
2017-01-14 00:00:00 UTC,242269.0
2017-01-15 00:00:00 UTC,235999.0
2017-01-16 00:00:00 UTC,267640.0
2017-01-17 00:00:00 UTC,292697.0
2017-01-18 00:00:00 UTC,297100.0
2017-01-19 00:00:00 UTC,300605.0
2017-01-20 00:00:00 UTC,298377.0
2017-01-21 00:00:00 UTC,263562.0
2017-01-22 00:00:00 UTC,236886.0
2017-01-23 00:00:00 UTC,235530.0
2017-01-24 00:00:00 UTC,278177.0
2017-01-25 00:00:00 UTC,304727.0
2017-01-26 00:00:00 UTC,313755.0
2017-01-27 00:00:00 UTC,263332.0
2017-01-28 00:00:00 UTC,246395.0
2017-01-29 00:00:00 UTC,241627.0
2017-01-30 00:00:00 UTC,247408.0
2017-01-31 00:00:00 UTC,307683.0
2017-02-01 00:00:00 UTC,350560.0
2017-02-02 00:00:00 UTC,259559.0
2017-02-03 00:00:00 UTC,323563.0
2017-02-04 00:00:00 UTC,284778.0
2017-02-05 00:00:00 UTC,292101.0
2017-02-06 00:00:00 UTC,230027.0
2017-02-07 00:00:00 UTC,325268.0
2017-02-08 00:00:00 UTC,308316.0
2017-02-09 00:00:00 UTC,346544.0
2017-02-10 00:00:00 UTC,301789.0
2017-02-11 00:00:00 UTC,262686.0
2017-02-12 00:00:00 UTC,237744.0
2017-02-13 00:00:00 UTC,288290.0
2017-02-14 00:00:00 UTC,315084.0
2017-02-15 00:00:00 UTC,294786.0
2017-02-16 00:00:00 UTC,283203.0
2017-02-17 00:00:00 UTC,319767.0
2017-02-18 00:00:00 UTC,286143.0
2017-02-19 00:00:00 UTC,251721.0
2017-02-20 00:00:00 UTC,282728.0
2017-02-21 00:00:00 UTC,279090.0
2017-02-22 00:00:00 UTC,282194.0
2017-02-23 00:00:00 UTC,325913.0
2017-02-24 00:00:00 UTC,343805.0
2017-02-25 00:00:00 UTC,326521.0
2017-02-26 00:00:00 UTC,265203.0
2017-02-27 00:00:00 UTC,284555.0
2017-02-28 00:00:00 UTC,325414.0
2017-03-01 00:00:00 UTC,315883.0
2017-03-02 00:00:00 UTC,329428.0
2017-03-03 00:00:00 UTC,337310.0
2017-03-04 00:00:00 UTC,265780.0
2017-03-05 00:00:00 UTC,280739.0
2017-03-06 00:00:00 UTC,287731.0
2017-03-07 00:00:00 UTC,327902.0
2017-03-08 00:00:00 UTC,297108.0
2017-03-09 00:00:00 UTC,303632.0
2017-03-10 00:00:00 UTC,308482.0
2017-03-11 00:00:00 UTC,280681.0
2017-03-12 00:00:00 UTC,221110.0
2017-03-13 00:00:00 UTC,273079.0
2017-03-14 00:00:00 UTC,310395.0
2017-03-15 00:00:00 UTC,292434.0
2017-03-16 00:00:00 UTC,327034.0
2017-03-17 00:00:00 UTC,292196.0
2017-03-18 00:00:00 UTC,263530.0
2017-03-19 00:00:00 UTC,269336.0
2017-03-20 00:00:00 UTC,277033.0
2017-03-21 00:00:00 UTC,288055.0
2017-03-22 00:00:00 UTC,316593.0
2017-03-23 00:00:00 UTC,287871.0
2017-03-24 00:00:00 UTC,289521.0
2017-03-25 00:00:00 UTC,242975.0
2017-03-26 00:00:00 UTC,221915.0
2017-03-27 00:00:00 UTC,232291.0
2017-03-28 00:00:00 UTC,294001.0
2017-03-29 00:00:00 UTC,283931.0
2017-03-30 00:00:00 UTC,288788.0
2017-03-31 00:00:00 UTC,259403.0
2017-04-01 00:00:00 UTC,255871.0
2017-04-02 00:00:00 UTC,244203.0
2017-04-03 00:00:00 UTC,288141.0
2017-04-04 00:00:00 UTC,256015.0
2017-04-05 00:00:00 UTC,316555.0
2017-04-06 00:00:00 UTC,290465.0
2017-04-07 00:00:00 UTC,295463.0
2017-04-08 00:00:00 UTC,226959.0
2017-04-09 00:00:00 UTC,238286.0
2017-04-10 00:00:00 UTC,273384.0
2017-04-11 00:00:00 UTC,307893.0
2017-04-12 00:00:00 UTC,278093.0
2017-04-13 00:00:00 UTC,228679.0
2017-04-14 00:00:00 UTC,290208.0
2017-04-15 00:00:00 UTC,270705.0
2017-04-16 00:00:00 UTC,211829.0
2017-04-17 00:00:00 UTC,245184.0
2017-04-18 00:00:00 UTC,303091.0
2017-04-19 00:00:00 UTC,310104.0
2017-04-20 00:00:00 UTC,267915.0
2017-04-21 00:00:00 UTC,330354.0
2017-04-22 00:00:00 UTC,268712.0
2017-04-23 00:00:00 UTC,245039.0
2017-04-24 00:00:00 UTC,222671.0
2017-04-25 00:00:00 UTC,325387.0
2017-04-26 00:00:00 UTC,334471.0
2017-04-27 00:00:00 UTC,297884.0
2017-04-28 00:00:00 UTC,305271.0
2017-04-29 00:00:00 UTC,341319.0
2017-04-30 00:00:00 UTC,281489.0
2017-05-01 00:00:00 UTC,294786.0
2017-05-02 00:00:00 UTC,333161.0
2017-05-03 00:00:00 UTC,295149.0
2017-05-04 00:00:00 UTC,354737.0
2017-05-05 00:00:00 UTC,267193.0
2017-05-06 00:00:00 UTC,363022.0
2017-05-07 00:00:00 UTC,316011.0
2017-05-08 00:00:00 UTC,365096.0
2017-05-09 00:00:00 UTC,332879.0
2017-05-10 00:00:00 UTC,311391.0
2017-05-11 00:00:00 UTC,294743.0
2017-05-12 00:00:00 UTC,317698.0
2017-05-13 00:00:00 UTC,329266.0
2017-05-14 00:00:00 UTC,369098.0
2017-05-15 00:00:00 UTC,329229.0
2017-05-16 00:00:00 UTC,233977.0
2017-05-17 00:00:00 UTC,317527.0
2017-05-18 00:00:00 UTC,288904.0
2017-05-19 00:00:00 UTC,319502.0
2017-05-20 00:00:00 UTC,352805.0
2017-05-21 00:00:00 UTC,326057.0
2017-05-22 00:00:00 UTC,327868.0
2017-05-23 00:00:00 UTC,367710.0
2017-05-24 00:00:00 UTC,338642.0
2017-05-25 00:00:00 UTC,350114.0
2017-05-26 00:00:00 UTC,333340.0
2017-05-27 00:00:00 UTC,331914.0
2017-05-28 00:00:00 UTC,308143.0
2017-05-29 00:00:00 UTC,321638.0
2017-05-30 00:00:00 UTC,347961.0
2017-05-31 00:00:00 UTC,321634.0
2017-06-01 00:00:00 UTC,319709.0
2017-06-02 00:00:00 UTC,271539.0
2017-06-03 00:00:00 UTC,305320.0
2017-06-04 00:00:00 UTC,266044.0
2017-06-05 00:00:00 UTC,289930.0
2017-06-06 00:00:00 UTC,297416.0
2017-06-07 00:00:00 UTC,339720.0
2017-06-08 00:00:00 UTC,307377.0
2017-06-09 00:00:00 UTC,282184.0
2017-06-10 00:00:00 UTC,254993.0
2017-06-11 00:00:00 UTC,222892.0
2017-06-12 00:00:00 UTC,269098.0
2017-06-13 00:00:00 UTC,291776.0
2017-06-14 00:00:00 UTC,287644.0
2017-06-15 00:00:00 UTC,293141.0
2017-06-16 00:00:00 UTC,269937.0
2017-06-17 00:00:00 UTC,236554.0
2017-06-18 00:00:00 UTC,209359.0
2017-06-19 00:00:00 UTC,269774.0
2017-06-20 00:00:00 UTC,269438.0
2017-06-21 00:00:00 UTC,280203.0
2017-06-22 00:00:00 UTC,269685.0
2017-06-23 00:00:00 UTC,259938.0
2017-06-24 00:00:00 UTC,227127.0
2017-06-25 00:00:00 UTC,180719.0
2017-06-26 00:00:00 UTC,261906.0
2017-06-27 00:00:00 UTC,259737.0
2017-06-28 00:00:00 UTC,279811.0
2017-06-29 00:00:00 UTC,231054.0
2017-06-30 00:00:00 UTC,267360.0
2017-07-01 00:00:00 UTC,221856.0
2017-07-02 00:00:00 UTC,196539.0
2017-07-03 00:00:00 UTC,253244.0
2017-07-04 00:00:00 UTC,255483.0
2017-07-05 00:00:00 UTC,237008.0
2017-07-06 00:00:00 UTC,225106.0
2017-07-07 00:00:00 UTC,243614.0
2017-07-08 00:00:00 UTC,220835.0
2017-07-09 00:00:00 UTC,188124.0
2017-07-10 00:00:00 UTC,251722.0
2017-07-11 00:00:00 UTC,265759.0
2017-07-12 00:00:00 UTC,257138.0
2017-07-13 00:00:00 UTC,245895.0
2017-07-14 00:00:00 UTC,227903.0
2017-07-15 00:00:00 UTC,221851.0
2017-07-16 00:00:00 UTC,203165.0
2017-07-17 00:00:00 UTC,230315.0
2017-07-18 00:00:00 UTC,260575.0
2017-07-19 00:00:00 UTC,253768.0
2017-07-20 00:00:00 UTC,230199.0
2017-07-21 00:00:00 UTC,268443.0
2017-07-22 00:00:00 UTC,223358.0
2017-07-23 00:00:00 UTC,181031.0
2017-07-24 00:00:00 UTC,240072.0
2017-07-25 00:00:00 UTC,244036.0
2017-07-26 00:00:00 UTC,237853.0
2017-07-27 00:00:00 UTC,225369.0
2017-07-28 00:00:00 UTC,247207.0
2017-07-29 00:00:00 UTC,211134.0
2017-07-30 00:00:00 UTC,184145.0
2017-07-31 00:00:00 UTC,231012.0
2017-08-01 00:00:00 UTC,131875.0
2017-08-02 00:00:00 UTC,209321.0
2017-08-03 00:00:00 UTC,213017.0
2017-08-04 00:00:00 UTC,235792.0
2017-08-05 00:00:00 UTC,239771.0
2017-08-06 00:00:00 UTC,199627.0
2017-08-07 00:00:00 UTC,249002.0
2017-08-08 00:00:00 UTC,275574.0
2017-08-09 00:00:00 UTC,260955.0
2017-08-10 00:00:00 UTC,257965.0
2017-08-11 00:00:00 UTC,284001.0
2017-08-12 00:00:00 UTC,260521.0
2017-08-13 00:00:00 UTC,263310.0
2017-08-14 00:00:00 UTC,255362.0
2017-08-15 00:00:00 UTC,311002.0
2017-08-16 00:00:00 UTC,274866.0
2017-08-17 00:00:00 UTC,347319.0
2017-08-18 00:00:00 UTC,312250.0
2017-08-19 00:00:00 UTC,266832.0
2017-08-20 00:00:00 UTC,210852.0
2017-08-21 00:00:00 UTC,236772.0
2017-08-22 00:00:00 UTC,196283.0
2017-08-23 00:00:00 UTC,315734.0
2017-08-24 00:00:00 UTC,203805.0
2017-08-25 00:00:00 UTC,208169.0
2017-08-26 00:00:00 UTC,226485.0
2017-08-27 00:00:00 UTC,261891.0
2017-08-28 00:00:00 UTC,223771.0
2017-08-29 00:00:00 UTC,281116.0
2017-08-30 00:00:00 UTC,271466.0
2017-08-31 00:00:00 UTC,280724.0
2017-09-01 00:00:00 UTC,283670.0
2017-09-02 00:00:00 UTC,236811.0
2017-09-03 00:00:00 UTC,195289.0
2017-09-04 00:00:00 UTC,269280.0
2017-09-05 00:00:00 UTC,277948.0
2017-09-06 00:00:00 UTC,276225.0
2017-09-07 00:00:00 UTC,256374.0
2017-09-08 00:00:00 UTC,279488.0
2017-09-09 00:00:00 UTC,217890.0
2017-09-10 00:00:00 UTC,193240.0
2017-09-11 00:00:00 UTC,253492.0
2017-09-12 00:00:00 UTC,256230.0
2017-09-13 00:00:00 UTC,263320.0
2017-09-14 00:00:00 UTC,268068.0
2017-09-15 00:00:00 UTC,292079.0
2017-09-16 00:00:00 UTC,228257.0
2017-09-17 00:00:00 UTC,197683.0
2017-09-18 00:00:00 UTC,218204.0
2017-09-19 00:00:00 UTC,282917.0
2017-09-20 00:00:00 UTC,235723.0
2017-09-21 00:00:00 UTC,255257.0
2017-09-22 00:00:00 UTC,227615.0
2017-09-23 00:00:00 UTC,203861.0
2017-09-24 00:00:00 UTC,185277.0
2017-09-25 00:00:00 UTC,226603.0
2017-09-26 00:00:00 UTC,263648.0
2017-09-27 00:00:00 UTC,257961.0
2017-09-28 00:00:00 UTC,275976.0
2017-09-29 00:00:00 UTC,254438.0
2017-09-30 00:00:00 UTC,212678.0
2017-10-01 00:00:00 UTC,203653.0
2017-10-02 00:00:00 UTC,295002.0
2017-10-03 00:00:00 UTC,282132.0
2017-10-04 00:00:00 UTC,232826.0
2017-10-05 00:00:00 UTC,273243.0
2017-10-06 00:00:00 UTC,283699.0
2017-10-07 00:00:00 UTC,231226.0
2017-10-08 00:00:00 UTC,238385.0
2017-10-09 00:00:00 UTC,296946.0
2017-10-10 00:00:00 UTC,303101.0
2017-10-11 00:00:00 UTC,292459.0
2017-10-12 00:00:00 UTC,293164.0
2017-10-13 00:00:00 UTC,309819.0
2017-10-14 00:00:00 UTC,293140.0
2017-10-15 00:00:00 UTC,283473.0
2017-10-16 00:00:00 UTC,314725.0
2017-10-17 00:00:00 UTC,334438.0
2017-10-18 00:00:00 UTC,329579.0
2017-10-19 00:00:00 UTC,356985.0
2017-10-20 00:00:00 UTC,312409.0
2017-10-21 00:00:00 UTC,312257.0
2017-10-22 00:00:00 UTC,289131.0
2017-10-23 00:00:00 UTC,316096.0
2017-10-24 00:00:00 UTC,347220.0
2017-10-25 00:00:00 UTC,315415.0
2017-10-26 00:00:00 UTC,265827.0
2017-10-27 00:00:00 UTC,246692.0
2017-10-28 00:00:00 UTC,207066.0
2017-10-29 00:00:00 UTC,334025.0
2017-10-30 00:00:00 UTC,316077.0
2017-10-31 00:00:00 UTC,277535.0
2017-11-01 00:00:00 UTC,351529.0
2017-11-02 00:00:00 UTC,341474.0
2017-11-03 00:00:00 UTC,277598.0
2017-11-04 00:00:00 UTC,294121.0
2017-11-05 00:00:00 UTC,251728.0
2017-11-06 00:00:00 UTC,271029.0
2017-11-07 00:00:00 UTC,335636.0
2017-11-08 00:00:00 UTC,301346.0
2017-11-09 00:00:00 UTC,341281.0
2017-11-10 00:00:00 UTC,271745.0
2017-11-11 00:00:00 UTC,194634.0
2017-11-12 00:00:00 UTC,185966.0
2017-11-13 00:00:00 UTC,309299.0
2017-11-14 00:00:00 UTC,271995.0
2017-11-15 00:00:00 UTC,321788.0
2017-11-16 00:00:00 UTC,310396.0
2017-11-17 00:00:00 UTC,306617.0
2017-11-18 00:00:00 UTC,270874.0
2017-11-19 00:00:00 UTC,264855.0
2017-11-20 00:00:00 UTC,336204.0
2017-11-21 00:00:00 UTC,371091.0
2017-11-22 00:00:00 UTC,312033.0
2017-11-23 00:00:00 UTC,352207.0
2017-11-24 00:00:00 UTC,305735.0
2017-11-25 00:00:00 UTC,336689.0
2017-11-26 00:00:00 UTC,329677.0
2017-11-27 00:00:00 UTC,379256.0
2017-11-28 00:00:00 UTC,365977.0
2017-11-29 00:00:00 UTC,398090.0
2017-11-30 00:00:00 UTC,384386.0
2017-12-01 00:00:00 UTC,412908.0
2017-12-02 00:00:00 UTC,326354.0
2017-12-03 00:00:00 UTC,353044.0
2017-12-04 00:00:00 UTC,400686.0
2017-12-05 00:00:00 UTC,405709.0
2017-12-06 00:00:00 UTC,443587.0
2017-12-07 00:00:00 UTC,374917.0
2017-12-08 00:00:00 UTC,385092.0
2017-12-09 00:00:00 UTC,403399.0
2017-12-10 00:00:00 UTC,341420.0
2017-12-11 00:00:00 UTC,368598.0
2017-12-12 00:00:00 UTC,372977.0
2017-12-13 00:00:00 UTC,424579.0
2017-12-14 00:00:00 UTC,490644.0
2017-12-15 00:00:00 UTC,405676.0
2017-12-16 00:00:00 UTC,364222.0
2017-12-17 00:00:00 UTC,391910.0
2017-12-18 00:00:00 UTC,394239.0
2017-12-19 00:00:00 UTC,378622.0
2017-12-20 00:00:00 UTC,370277.0
2017-12-21 00:00:00 UTC,335482.0
2017-12-22 00:00:00 UTC,380648.0
2017-12-23 00:00:00 UTC,308211.0
2017-12-24 00:00:00 UTC,279523.0
2017-12-25 00:00:00 UTC,228926.0
2017-12-26 00:00:00 UTC,247440.0
2017-12-27 00:00:00 UTC,307642.0
2017-12-28 00:00:00 UTC,305053.0
2017-12-29 00:00:00 UTC,353824.0
2017-12-30 00:00:00 UTC,344407.0
2017-12-31 00:00:00 UTC,290422.0
2018-01-01 00:00:00 UTC,243768.0
2018-01-02 00:00:00 UTC,340980.0
2018-01-03 00:00:00 UTC,395963.0
2018-01-04 00:00:00 UTC,425008.0
2018-01-05 00:00:00 UTC,342707.0
2018-01-06 00:00:00 UTC,358847.0
2018-01-07 00:00:00 UTC,368187.0
2018-01-08 00:00:00 UTC,345672.0
2018-01-09 00:00:00 UTC,360265.0
2018-01-10 00:00:00 UTC,347393.0
2018-01-11 00:00:00 UTC,337959.0
2018-01-12 00:00:00 UTC,300091.0
2018-01-13 00:00:00 UTC,265735.0
2018-01-14 00:00:00 UTC,235045.0
2018-01-15 00:00:00 UTC,273623.0
2018-01-16 00:00:00 UTC,303725.0
2018-01-17 00:00:00 UTC,315771.0
2018-01-18 00:00:00 UTC,309495.0
2018-01-19 00:00:00 UTC,243619.0
2018-01-20 00:00:00 UTC,240611.0
2018-01-21 00:00:00 UTC,215622.0
2018-01-22 00:00:00 UTC,245562.0
2018-01-23 00:00:00 UTC,271936.0
2018-01-24 00:00:00 UTC,250423.0
2018-01-25 00:00:00 UTC,236580.0
2018-01-26 00:00:00 UTC,220459.0
2018-01-27 00:00:00 UTC,193578.0
2018-01-28 00:00:00 UTC,213446.0
2018-01-29 00:00:00 UTC,232176.0
2018-01-30 00:00:00 UTC,236609.0
2018-01-31 00:00:00 UTC,204276.0
2018-02-01 00:00:00 UTC,257664.0
2018-02-02 00:00:00 UTC,235918.0
2018-02-03 00:00:00 UTC,194891.0
2018-02-04 00:00:00 UTC,173687.0
2018-02-05 00:00:00 UTC,216363.0
2018-02-06 00:00:00 UTC,244120.0
2018-02-07 00:00:00 UTC,213719.0
2018-02-08 00:00:00 UTC,173289.0
2018-02-09 00:00:00 UTC,177860.0
2018-02-10 00:00:00 UTC,181783.0
2018-02-11 00:00:00 UTC,147208.0
2018-02-12 00:00:00 UTC,186918.0
2018-02-13 00:00:00 UTC,182984.0
2018-02-14 00:00:00 UTC,196417.0
2018-02-15 00:00:00 UTC,198183.0
2018-02-16 00:00:00 UTC,187738.0
2018-02-17 00:00:00 UTC,173789.0
2018-02-18 00:00:00 UTC,159495.0
2018-02-19 00:00:00 UTC,187367.0
2018-02-20 00:00:00 UTC,198455.0
2018-02-21 00:00:00 UTC,205201.0
2018-02-22 00:00:00 UTC,183235.0
2018-02-23 00:00:00 UTC,185193.0
2018-02-24 00:00:00 UTC,154534.0
2018-02-25 00:00:00 UTC,144869.0
2018-02-26 00:00:00 UTC,186474.0
2018-02-27 00:00:00 UTC,219624.0
2018-02-28 00:00:00 UTC,189223.0
2018-03-01 00:00:00 UTC,233744.0
2018-03-02 00:00:00 UTC,195073.0
2018-03-03 00:00:00 UTC,177024.0
2018-03-04 00:00:00 UTC,160231.0
2018-03-05 00:00:00 UTC,201438.0
2018-03-06 00:00:00 UTC,206016.0
2018-03-07 00:00:00 UTC,213978.0
2018-03-08 00:00:00 UTC,196422.0
2018-03-09 00:00:00 UTC,198180.0
2018-03-10 00:00:00 UTC,156228.0
2018-03-11 00:00:00 UTC,150884.0
2018-03-12 00:00:00 UTC,188394.0
2018-03-13 00:00:00 UTC,196140.0
2018-03-14 00:00:00 UTC,191042.0
2018-03-15 00:00:00 UTC,206186.0
2018-03-16 00:00:00 UTC,186979.0
2018-03-17 00:00:00 UTC,154496.0
2018-03-18 00:00:00 UTC,164401.0
2018-03-19 00:00:00 UTC,191528.0
2018-03-20 00:00:00 UTC,195168.0
2018-03-21 00:00:00 UTC,194846.0
2018-03-22 00:00:00 UTC,185187.0
2018-03-23 00:00:00 UTC,179818.0
2018-03-24 00:00:00 UTC,157087.0
2018-03-25 00:00:00 UTC,135274.0
2018-03-26 00:00:00 UTC,187850.0
2018-03-27 00:00:00 UTC,187065.0
2018-03-28 00:00:00 UTC,177521.0
2018-03-29 00:00:00 UTC,192411.0
2018-03-30 00:00:00 UTC,185940.0
2018-03-31 00:00:00 UTC,148617.0
2018-04-01 00:00:00 UTC,135129.0
2018-04-02 00:00:00 UTC,168178.0
2018-04-03 00:00:00 UTC,198919.0
2018-04-04 00:00:00 UTC,185710.0
2018-04-05 00:00:00 UTC,181832.0
2018-04-06 00:00:00 UTC,172889.0
2018-04-07 00:00:00 UTC,154639.0
2018-04-08 00:00:00 UTC,138535.0
2018-04-09 00:00:00 UTC,176563.0
2018-04-10 00:00:00 UTC,186415.0
2018-04-11 00:00:00 UTC,183248.0
2018-04-12 00:00:00 UTC,210879.0
2018-04-13 00:00:00 UTC,217282.0
2018-04-14 00:00:00 UTC,161843.0
2018-04-15 00:00:00 UTC,174031.0
2018-04-16 00:00:00 UTC,196106.0
2018-04-17 00:00:00 UTC,201820.0
2018-04-18 00:00:00 UTC,200740.0
2018-04-19 00:00:00 UTC,213523.0
2018-04-20 00:00:00 UTC,207777.0
2018-04-21 00:00:00 UTC,193975.0
2018-04-22 00:00:00 UTC,171870.0
2018-04-23 00:00:00 UTC,226353.0
2018-04-24 00:00:00 UTC,254493.0
2018-04-25 00:00:00 UTC,213155.0
2018-04-26 00:00:00 UTC,216732.0
2018-04-27 00:00:00 UTC,211119.0
2018-04-28 00:00:00 UTC,203681.0
2018-04-29 00:00:00 UTC,180798.0
2018-04-30 00:00:00 UTC,215107.0
2018-05-01 00:00:00 UTC,199959.0
2018-05-02 00:00:00 UTC,212296.0
2018-05-03 00:00:00 UTC,228521.0
2018-05-04 00:00:00 UTC,219069.0
2018-05-05 00:00:00 UTC,202703.0
2018-05-06 00:00:00 UTC,171761.0
2018-05-07 00:00:00 UTC,205063.0
2018-05-08 00:00:00 UTC,217810.0
2018-05-09 00:00:00 UTC,206579.0
2018-05-10 00:00:00 UTC,208961.0
2018-05-11 00:00:00 UTC,213624.0
2018-05-12 00:00:00 UTC,182054.0
2018-05-13 00:00:00 UTC,158794.0
2018-05-14 00:00:00 UTC,209697.0
2018-05-15 00:00:00 UTC,214779.0
2018-05-16 00:00:00 UTC,208463.0
2018-05-17 00:00:00 UTC,192683.0
2018-05-18 00:00:00 UTC,211496.0
2018-05-19 00:00:00 UTC,173274.0
2018-05-20 00:00:00 UTC,158663.0
2018-05-21 00:00:00 UTC,202647.0
2018-05-22 00:00:00 UTC,203337.0
2018-05-23 00:00:00 UTC,223196.0
2018-05-24 00:00:00 UTC,206825.0
2018-05-25 00:00:00 UTC,196181.0
2018-05-26 00:00:00 UTC,158783.0
2018-05-27 00:00:00 UTC,144304.0
2018-05-28 00:00:00 UTC,189063.0
2018-05-29 00:00:00 UTC,204769.0
2018-05-30 00:00:00 UTC,204077.0
2018-05-31 00:00:00 UTC,209526.0
2018-06-01 00:00:00 UTC,205481.0
2018-06-02 00:00:00 UTC,174497.0
2018-06-03 00:00:00 UTC,163443.0
2018-06-04 00:00:00 UTC,211721.0
2018-06-05 00:00:00 UTC,212901.0
2018-06-06 00:00:00 UTC,206417.0
2018-06-07 00:00:00 UTC,207627.0
2018-06-08 00:00:00 UTC,200379.0
2018-06-09 00:00:00 UTC,171306.0
2018-06-10 00:00:00 UTC,179809.0
2018-06-11 00:00:00 UTC,213196.0
2018-06-12 00:00:00 UTC,214595.0
2018-06-13 00:00:00 UTC,211829.0
2018-06-14 00:00:00 UTC,210029.0
2018-06-15 00:00:00 UTC,205861.0
2018-06-16 00:00:00 UTC,159090.0
2018-06-17 00:00:00 UTC,144908.0
2018-06-18 00:00:00 UTC,196305.0
2018-06-19 00:00:00 UTC,191805.0
2018-06-20 00:00:00 UTC,198889.0
2018-06-21 00:00:00 UTC,198113.0
2018-06-22 00:00:00 UTC,204144.0
2018-06-23 00:00:00 UTC,163295.0
2018-06-24 00:00:00 UTC,158022.0
2018-06-25 00:00:00 UTC,200173.0
2018-06-26 00:00:00 UTC,195404.0
2018-06-27 00:00:00 UTC,188510.0
2018-06-28 00:00:00 UTC,187624.0
2018-06-29 00:00:00 UTC,197881.0
2018-06-30 00:00:00 UTC,181065.0
2018-07-01 00:00:00 UTC,156247.0
2018-07-02 00:00:00 UTC,199294.0
2018-07-03 00:00:00 UTC,216747.0
2018-07-04 00:00:00 UTC,206788.0
2018-07-05 00:00:00 UTC,199600.0
2018-07-06 00:00:00 UTC,200993.0
2018-07-07 00:00:00 UTC,170160.0
2018-07-08 00:00:00 UTC,155685.0
2018-07-09 00:00:00 UTC,206546.0
