Time,bit-x,bitfinex,bitstamp,btce,cex.io,coinbase,itbit,mtgox,okcoin,others
2013-07-08 00:00:00 UTC,,,8926.31640861417,798.808904779919,,,,46506.1561672878,,653.840580884808
2013-07-15 00:00:00 UTC,,,7378.79335086825,744.693616909932,,,,42613.3560139479,,572.269555869353
2013-07-22 00:00:00 UTC,,,6627.22212059033,792.59429201425,,,,38287.3794394149,,744.572211939263
2013-07-29 00:00:00 UTC,,,6696.45207269316,669.552088830232,,,,35793.3563659962,,578.955280980136
2013-08-05 00:00:00 UTC,,,6240.28721019254,633.83455409543,,,,29895.0871761353,,436.264281240275
2013-08-12 00:00:00 UTC,,,7550.4314382311,662.899851629275,,,,28494.5504609386,,456.653324317662
2013-08-19 00:00:00 UTC,,,5944.90804308042,866.688465254803,,,,27697.035732838,,422.966012490746
2013-08-26 00:00:00 UTC,,,6746.80034791545,747.02904261813,,,,20048.0479527514,,431.641029171772
2013-09-02 00:00:00 UTC,,,6664.58258588451,822.9393031598,,,,21584.9469834419,,396.347007030121
2013-09-09 00:00:00 UTC,,,6868.88402092498,957.547137760863,,,,22693.2228288041,,434.693588492352
2013-09-16 00:00:00 UTC,,,6877.96301841401,856.676336071096,,,,18199.9797352531,,546.42317069477
2013-09-23 00:00:00 UTC,,,4668.87491150808,672.344971614069,,,,15159.0045419075,,445.985237780946
2013-09-30 00:00:00 UTC,,,6684.3660495383,713.905017804969,,,,21849.8590360476,,1066.79087799453
2013-10-07 00:00:00 UTC,,4202.63353887471,6257.81921539429,1011.96701527999,,,,19888.2944149871,,846.347609747627
2013-10-14 00:00:00 UTC,,2967.79262726623,7193.17750176888,688.341517756239,,,,20059.5078314284,,658.8888863923125
2013-10-21 00:00:00 UTC,,3414.70273748641,9519.3745623111,819.281797894476,,,,24380.2821811165,,556.4538665341865
2013-10-28 00:00:00 UTC,,2450.06505108457,9900.01314196268,613.764222473117,,,,20626.9036520429,,376.5623561095511
2013-11-04 00:00:00 UTC,,4224.58714471815,10422.524804594,824.757801664969,,,,20027.6890506122,,326.97415124011
2013-11-11 00:00:00 UTC,,2499.12782296403,10286.0383107901,637.074601465603,,,,20268.5189471701,,287.17825058943964
2013-11-18 00:00:00 UTC,,2641.57175187556,9940.13456542304,849.377232576745,,,,19900.2939058875,,306.20680665828075
2013-11-25 00:00:00 UTC,,1572.01880569944,8977.27753032231,746.012221398948,,,,16179.4725731635,,245.69884160421856
2013-12-02 00:00:00 UTC,,1450.84913966187,9735.19620024834,973.087449988409,,,,16634.4605004035,,238.5782840309688
2013-12-09 00:00:00 UTC,,1459.64307368049,11233.3023845129,820.111959473762,,,,18571.4309838818,,362.380096334486
2013-12-16 00:00:00 UTC,,2624.57472450818,16381.698245625,987.434406669744,,,,23203.1982504252,,382.8959354197725
2013-12-23 00:00:00 UTC,,2998.20515730754,12746.5003306251,694.963195210013,,,,19779.2797608451,,329.8786783237948
2013-12-30 00:00:00 UTC,,2742.43776845695,9152.47903812441,613.281781843434,,,,15157.0040740561,,233.6871541561669
2014-01-06 00:00:00 UTC,,2371.58279372166,8994.64149333312,628.135850225729,,,,14268.624334983,,227.5109385347229
2014-01-13 00:00:00 UTC,,1868.66685140071,8642.34791118574,683.955811439372,,,,12734.3136394424,,205.99015427459432
2014-01-20 00:00:00 UTC,,1824.43190617149,7532.66323779374,920.568351321839,,,568.274563956004,9948.00013403668,,172.5672363863656
2014-01-27 00:00:00 UTC,,3663.27154042835,7636.40840492278,540.133370481134,,,539.863955521297,8937.39225269407,,139.2416905296872
2014-02-03 00:00:00 UTC,,3860.61119261615,8104.30434917209,641.51718043172,,,538.832078141447,8500.85600240122,,172.63468419211722
2014-02-10 00:00:00 UTC,,12808.5047413424,13290.2700071271,754.819777340001,,,686.46486996427,12440.637208984,,229.77955054588153
2014-02-17 00:00:00 UTC,,9592.65983544483,10872.1932537838,655.623021560718,,,554.940639614341,17234.431814356,,228.8475233746365
2014-02-24 00:00:00 UTC,,10420.0005983162,15834.0765860565,739.263434872779,,,398.816723550164,11780.0907044814,,536.4472409206073
2014-03-03 00:00:00 UTC,,10788.1203408844,14294.3104657595,599.69345289805,,,487.690892423455,7266.43944144704,,278.725191464964
2014-03-10 00:00:00 UTC,,9479.64737859512,10563.0205683958,585.624231862489,,,472.743608625545,3627.88592729289,,249.0039317358541
2014-03-17 00:00:00 UTC,,8699.79342504477,8633.7435170467,475.416508315871,,,248.185525291583,53.6932542465421,,274.03082064201806
2014-03-24 00:00:00 UTC,,10270.0874161351,9536.40622985776,457.930040964974,,,274.883380960698,47.5434378163016,,279.3829282214743
2014-03-31 00:00:00 UTC,,9837.42582758458,9844.03623066448,502.624557256651,,,272.171113592929,40.3333247556863,,238.95993174973475
2014-04-07 00:00:00 UTC,,10313.9108566019,10755.5108095433,651.946560691396,,,316.635329248055,36.8876818955445,,239.56040450053115
2014-04-14 00:00:00 UTC,,11823.5115288544,11042.0716539105,554.72734517527,,,337.10634293765,31.9628501764813,,279.40708478904895
2014-04-21 00:00:00 UTC,,9923.90037123626,10147.4834176719,456.507349373213,,,348.090442755416,30.074379443706,,279.85893695643273
2014-04-28 00:00:00 UTC,,9214.63787149457,9359.89770572328,503.347135493767,,,265.391798170092,27.7581436402079,,281.34669152514834
2014-05-05 00:00:00 UTC,,8532.1164937241,8006.05951650215,557.640604208417,,,285.051085828044,25.0957663464014,,121.7494154722472
2014-05-12 00:00:00 UTC,,6183.03669211783,7344.26330673351,508.430759043604,,,267.642234525208,23.5562984455167,,101.65380292330491
2014-05-19 00:00:00 UTC,,7260.11483568997,9243.92492294664,549.847908639001,,,263.358408385125,,,272.0240200194158
2014-05-26 00:00:00 UTC,,6379.32464034013,9625.46265476293,478.247665386283,,,221.899621857546,,,256.8265073281827
2014-06-02 00:00:00 UTC,,7289.23072090119,8375.76571081349,465.879044853538,,,287.978538554004,,,280.623273174223
2014-06-09 00:00:00 UTC,,5322.86493677467,8497.9659189023,475.296240216272,,,283.531191686881,,,350.906534611821
2014-06-16 00:00:00 UTC,,4622.28260767366,7983.92716199215,428.169497975871,,,283.687962319869,,,340.9649598322417
2014-06-23 00:00:00 UTC,,3519.46187848629,6835.91398155085,358.240309101055,,,225.492162871591,,,342.3920826100054
2014-06-30 00:00:00 UTC,,4136.9880430046,6557.53939829298,422.418616143747,,,216.22711742326,,,296.624388234513
2014-07-07 00:00:00 UTC,,3571.254819694,6234.79422719346,402.481228165295,,,232.038761970905,,,407.46547362273765
2014-07-14 00:00:00 UTC,,2849.20332415169,5446.62560733694,456.092451111449,,,191.589026923538,,,408.8251347711112
2014-07-21 00:00:00 UTC,,2360.00302454758,4564.71465332661,436.517346922869,,,262.04699034589,,,289.87409034891175
2014-07-28 00:00:00 UTC,,2920.38089502995,6399.33250753327,486.508507498382,,,295.374285786456,,191.637754818642,1974.11093490462
2014-08-04 00:00:00 UTC,,2877.24719459936,6023.60168163537,385.13807510809,,,302.993090200942,,408.660656293337,1703.5120430288093
2014-08-11 00:00:00 UTC,,4153.74386004392,6939.37733875555,386.640914381059,,,343.329781625481,,257.399369317974,2828.8641924822355
2014-08-18 00:00:00 UTC,,9271.99923123087,7971.10703462799,354.780039353606,,,450.426099225961,,230.206618679393,3451.795097286148
2014-08-25 00:00:00 UTC,,7194.18292015749,7082.67454060276,249.092294202664,,,432.943783245626,,156.65628577093,2674.355886267327
2014-09-01 00:00:00 UTC,,6553.62636383389,6412.47681030935,408.275551936288,,,414.979990602429,,82.2907536245196,2399.031114433519
2014-09-08 00:00:00 UTC,,5303.12927462399,6281.06713504646,459.000333070097,,,397.156249333317,,67.3721801340782,1658.4296934483675
2014-09-15 00:00:00 UTC,,7910.75305197162,7978.5777138389,457.420843270653,,,350.376836452282,,358.131810994139,2109.0581064346884
2014-09-22 00:00:00 UTC,,9642.41332954328,7734.96459278626,362.415135149244,,,397.647868006542,,1335.59398001882,2405.199410886281
2014-09-29 00:00:00 UTC,,7911.18719583662,8788.40510076334,473.977964395072,,,420.370914931667,,1685.38259213906,2364.048835008628
2014-10-06 00:00:00 UTC,,13966.3875777975,11428.9638841802,376.583005951372,,,633.876305812021,,2011.34543834303,3051.04407312105
2014-10-13 00:00:00 UTC,,11886.5027261889,9165.31388276633,365.640019529808,,,555.448009886072,,1720.16457802862,2442.6957979976905
2014-10-20 00:00:00 UTC,,10543.1806394214,7646.23021744848,354.45597176054,,,563.227189901213,,1577.00401419098,2240.9151742976537
2014-10-27 00:00:00 UTC,,9225.45547079587,5579.32822996442,338.281857086369,,,517.387958770414,,1696.88951240012,2180.4123594876037
2014-11-03 00:00:00 UTC,,10534.1414919258,5985.10918619638,316.203809150644,,,514.078209109434,,1970.03286044499,1816.534366664337
2014-11-10 00:00:00 UTC,,14835.1252548979,7507.25523579935,417.14614067956,,,757.087983311511,,2437.81747903463,2312.529834115893
2014-11-17 00:00:00 UTC,,13333.6432227543,9591.42001827232,530.569438659734,,,968.670568428563,,2301.6899301892,2165.396636334886
2014-11-24 00:00:00 UTC,,12408.1209281799,8929.95463830605,523.502127341425,,,608.57939303276,,1901.52898133151,1796.0860482541825
2014-12-01 00:00:00 UTC,,11167.509932038,7141.1854892622,456.426285801063,,,429.743824376343,,1220.65960515687,1316.6980785393744
2014-12-08 00:00:00 UTC,,9275.92167511096,6545.48672571714,434.916568897995,,,492.200721713009,,2584.30070999493,1393.0148298394724
2014-12-15 00:00:00 UTC,,10027.1498803164,6510.10601300191,424.016012946281,,,499.950049068678,,3178.22599993165,1636.2447184504745
2014-12-22 00:00:00 UTC,,9393.35142519986,6126.58810909212,388.672415822343,,,596.943949300246,,3160.76363066773,1529.1393110685724
2014-12-29 00:00:00 UTC,,8172.80478404443,5960.87304068352,433.895843010658,,,448.004638924127,,2629.32626851361,1518.2304942694282
2015-01-05 00:00:00 UTC,,8688.41239525514,5617.06269839946,562.903506180641,,,471.74519404385,,3850.17960040586,2209.3251998566916
2015-01-12 00:00:00 UTC,,13856.9606808499,9074.97269702682,507.285421741394,,,1609.65885476131,,4771.86650268863,2224.511982583016
2015-01-19 00:00:00 UTC,,14958.3018996417,10357.510184494,507.956211089262,,,2579.9292985925,,4180.35124796676,1895.394013626152
2015-01-26 00:00:00 UTC,,14751.03002384,8005.43208969742,485.152467944017,,3844.6473217026,2001.59139501842,,4568.80118193932,1811.5684442912711
2015-02-02 00:00:00 UTC,,12777.1291870712,6479.33855565713,604.867012497425,,4122.29026594975,1534.69673035106,,3409.21130382303,1306.508359494086
2015-02-09 00:00:00 UTC,,13461.7052054822,7041.82124364199,496.848740172663,,4011.56264394606,1643.34466299794,,3201.03561163387,1334.973491663391
2015-02-16 00:00:00 UTC,,12167.1841040572,6742.8703997487,493.539865742029,,3587.54865959114,1438.60264981158,,3503.67035295243,1515.081893643061
2015-02-23 00:00:00 UTC,,10545.15545088,5977.16627397262,469.141006194387,,3295.6519008692,1382.30153349185,,2909.40741977417,1375.2032946449826
2015-03-02 00:00:00 UTC,,11266.0640808476,6118.75474026668,457.069311470999,,3642.11876808222,1384.39280678292,,3469.1673806829,1650.3130232118913
2015-03-09 00:00:00 UTC,,10662.5750999268,5630.09345118962,559.023617015502,,3038.97347242682,1562.74698931891,,2728.22018328528,1408.1777034634588
2015-03-16 00:00:00 UTC,,10036.8856326685,5036.43990374144,531.819726420774,,2840.61236922988,1570.8650871924,,3254.87954590089,1351.6764823863518
2015-03-23 00:00:00 UTC,,10344.1714181021,4977.16313247086,484.167890289086,,2385.76165301884,1428.33819614501,,3306.04242337113,1241.255804799221
2015-03-30 00:00:00 UTC,,10272.0143851677,4083.02833463137,555.927258469048,,1990.55355157109,1441.63117997044,,2922.22682332487,1236.6466543932424
2015-04-06 00:00:00 UTC,,10953.5065403854,3633.60494180159,587.596495220652,,1699.65312713647,1569.59786687141,,2798.84170761948,1146.5164865051559
2015-04-13 00:00:00 UTC,,9774.84991965806,4087.21158366569,700.471359582035,,3394.74840326621,1753.44426619061,,2468.61526812104,1476.922672015698
2015-04-20 00:00:00 UTC,,8976.15077971424,3732.29405358291,589.154780126302,,1672.49158873399,1526.03179115935,,2421.18244316095,1547.2133654952463
2015-04-27 00:00:00 UTC,,9288.41425681685,3342.25324390489,512.517783186937,,1605.43441695378,1822.60765807785,,2583.87043461404,1494.273002457012
2015-05-04 00:00:00 UTC,,9368.85694884271,3697.11887579457,692.55213164869,,1937.43131127936,1864.32082477128,,2757.67410363598,1381.348002255118
2015-05-11 00:00:00 UTC,,7663.49995568444,3448.64777253914,630.044681541995,,1980.94142258881,1729.09413883869,,2271.03774753529,1204.8521801810705
2015-05-18 00:00:00 UTC,,6526.85866965616,3580.09126872139,688.457795708381,,2050.61952132375,1867.95615808413,,1959.82365697923,1146.3958443086774
2015-05-25 00:00:00 UTC,,6646.0244035387,3570.90073660567,660.039048711476,,1563.65277395967,1823.52064035207,,1802.55086513048,1200.4719164407022
2015-06-01 00:00:00 UTC,,7365.54973773061,3500.04365440856,799.062214730109,,1449.68120238987,1980.98854423343,,2392.55631395692,1022.0837450501842
2015-06-08 00:00:00 UTC,,7515.95336086435,3434.84282666894,773.722843756378,,1205.54170902675,2155.2158241222,,1896.56714121768,912.1092992073843
2015-06-15 00:00:00 UTC,,14680.7711766681,4786.81596959135,581.565254223801,,1561.1976377605,2046.25475531869,,2916.20118694549,1037.0669976144927
2015-06-22 00:00:00 UTC,,9014.51443020706,4176.70202679504,1777.38178218126,,2715.60932985946,1872.88105507503,,2486.46440468317,922.3923048048526
2015-06-29 00:00:00 UTC,,9661.91141769091,4675.74002374631,2069.51236809369,,4075.17870760222,2811.32428435348,,3083.55070458756,1034.377753154351
2015-07-06 00:00:00 UTC,,11457.8080398819,6077.76829055344,2091.69146357642,,4616.13367022941,2707.07895982672,,2230.74242018109,1333.0590244278953
2015-07-13 00:00:00 UTC,,12703.2589678871,6999.23987504672,2836.56061412416,,4787.68841591664,3183.72161666368,,1691.06628363625,1549.157061971184
2015-07-20 00:00:00 UTC,,10325.3579458974,5664.82693872523,2552.49728161388,,3222.7886412718,2760.71049070587,,1252.74410126261,1376.8138939493635
2015-07-27 00:00:00 UTC,,9355.51181304223,4928.81687927889,2162.62981500257,,2828.70946590751,2829.62808041456,,1234.90763433887,1435.4633212103577
2015-08-03 00:00:00 UTC,,8486.57365551605,4206.55426424331,2355.66861820519,,2595.50327192728,2809.28459062967,,1249.82637584754,963.2676365418064
2015-08-10 00:00:00 UTC,,7489.2844095242,4517.4247940801,1744.87954376974,,2430.68894297438,2842.19791057551,,1030.00515942311,926.5765980054534
2015-08-17 00:00:00 UTC,3882.80971383934,11376.4806647655,6252.80771756755,2204.09539605902,,3192.93215145021,3034.77818068357,,1084.16223500129,1295.3856743624608
2015-08-24 00:00:00 UTC,4151.25881837397,8908.40294378609,5820.9995188712,2744.99998533978,604.171625355276,3757.93748435821,3285.70177713151,,1551.65409077371,1507.1512806931385
2015-08-31 00:00:00 UTC,2628.12391332979,7536.82723010325,5016.59049672456,2370.95729937092,744.032751375458,3168.87758621595,2797.58138673517,,1179.55403014537,1342.0821729199547
2015-09-07 00:00:00 UTC,2711.83360280527,8291.5520623804,4901.05115854944,2520.34773318266,978.871780933794,2881.49671671948,2784.77141705858,,1148.34448925067,1229.4694903419995
2015-09-14 00:00:00 UTC,2378.46172300133,6901.34672426162,4529.32214758526,2234.57196074483,821.458494083424,2808.4530495027,3042.39163916783,,940.688374814551,1107.8618941562506
2015-09-21 00:00:00 UTC,2274.10736855977,7239.21680579721,3864.30799228762,2210.41506714277,1009.45652001587,2410.23832860338,2881.18521836384,,887.222566001056,963.5678198596256
2015-09-28 00:00:00 UTC,1917.83036038135,7788.29656438561,3943.65018960165,2075.05100465445,911.778592173469,2639.27667865914,2569.5778762284,,720.587525264243,968.0994588494028
2015-10-05 00:00:00 UTC,1886.71124018654,7765.3982316474,3413.29528564326,2110.72305655132,828.29440330466,1991.36318649156,2323.63697369583,,734.259352700603,1090.6463291874602
2015-10-12 00:00:00 UTC,2221.59962985593,7821.62137977194,3508.38044860194,2084.49344932347,990.596227491594,2272.92345965426,2368.55892063444,,1004.48998067545,1207.5811832931056
2015-10-19 00:00:00 UTC,2563.14588498831,8909.94593581816,4440.38062169589,2516.50065987237,870.888975729876,2763.83209857715,2560.20054856246,,994.042280948959,1482.509453869784
2015-10-26 00:00:00 UTC,3492.30297324144,12076.2124285923,4814.06595040597,2468.98378633338,1087.80986968822,3001.54175357866,2807.95687314446,,1226.71565850847,1622.2055458055534
2015-11-02 00:00:00 UTC,3387.71607149115,17551.1075298952,7957.47540644238,4699.67761428257,1094.38089429866,4533.35787020449,3615.71728261938,,2141.75636975047,1758.0114923769443
2015-11-09 00:00:00 UTC,4211.99592859498,15202.9273931861,8181.41827141935,4204.83879088522,1411.04272103836,4599.55286815616,3526.78216056911,,2555.46813484002,1656.8357993113775
2015-11-16 00:00:00 UTC,3577.92611634341,12400.0977424777,7270.52943910312,3255.22722351135,1320.86411060605,3885.1295357448,2895.79661885834,,2310.3892514248,1330.069393645642
2015-11-23 00:00:00 UTC,2845.54919848182,11578.4280794542,6960.48140918735,3242.53683439529,1139.6842730496,3580.19697509742,3107.63324622711,,2962.4964821997,1248.5356697408047
2015-11-30 00:00:00 UTC,3584.22233394336,11554.406029007,5751.25983841773,3387.69940411828,989.045659433251,3620.19852170113,3384.73273604108,,3639.93258076494,1355.592931461853
2015-12-07 00:00:00 UTC,3168.29971299716,11477.3267772955,6549.50507319217,3244.83561026518,1110.56630646597,3175.93315848503,3282.05765438229,,4659.30252437334,1321.6325629342257
2015-12-14 00:00:00 UTC,2715.16473655663,10345.0413864855,6671.86370025269,2535.72429129249,1205.74004763997,2261.69184685002,3168.47669749064,,4320.06610317878,1331.7309962249462
2015-12-21 00:00:00 UTC,3254.5905795946,10343.6474669436,6394.46233197528,2674.66031224524,1429.5487839658,2007.38304790844,3172.14308105957,,4603.47344772796,1156.9803415070035
2015-12-28 00:00:00 UTC,3509.58769630643,9647.81493906023,5571.65503412623,2479.93898784138,1146.58590071237,1978.8117570092,3077.13830856857,,4415.0493785107,1060.2961657571782
2016-01-04 00:00:00 UTC,3552.61664184532,9010.76010259873,5149.50006192865,2049.31339579805,1018.13291432876,1931.96182328375,2961.15853286847,,3352.67269854192,1110.3972573386725
2016-01-11 00:00:00 UTC,4644.63746572211,11428.3839098562,6321.62706394612,2293.5440533827,1155.96268007247,2153.70182347305,2918.12542875929,,4855.20377281099,1377.2677649040934
2016-01-18 00:00:00 UTC,5617.20743983738,13133.0194144103,6728.21803657596,2555.4603008572,1210.57182591313,2135.71507634098,2799.35159338529,,5340.93051108727,1581.780390202323
2016-01-25 00:00:00 UTC,4833.7295807179,10983.4588435413,5692.67230514454,2159.4325166869,1090.45380043656,2072.2491541762,2718.42286706213,,4524.90223839209,1895.6508700075135
2016-02-01 00:00:00 UTC,3487.32795559049,9088.99592950164,5155.65745949831,2014.35618682329,1270.09423476927,1780.33462401002,2466.60528991451,,3376.25905857892,1879.761978959134
2016-02-08 00:00:00 UTC,2943.65461864458,8541.9032741972,4664.363769848,1693.27376380037,1402.55723899581,1534.91735630586,2211.69232016169,,2845.19440952854,1492.4035793927953
2016-02-15 00:00:00 UTC,3248.73328027213,9104.01239490285,4341.13812887735,2204.92088478621,1725.21260084399,1328.80626200814,2411.2809637777,,2961.0431303017,2187.3501435425665
2016-02-22 00:00:00 UTC,3276.2991875261,9742.8530916435,5461.10984276945,1984.68657135705,1910.77496636978,1440.68606534247,2528.006182832,,3516.88961893445,2229.9995072603638
2016-02-29 00:00:00 UTC,3445.02710189327,9140.46980911923,4821.13071588228,1613.78313629053,1713.8779327231,1608.3463941409,2691.38220626616,,3309.55416526681,2137.8096501957
2016-03-07 00:00:00 UTC,3238.83115126628,8518.8862746944,4541.38446341707,2102.51261732555,1787.33541478513,1376.10132511625,2569.37532491601,,3383.4063461195,2378.138367652964
2016-03-14 00:00:00 UTC,3198.30078101522,7329.31633653427,3804.02547444746,1599.93093783139,1542.51521143457,1295.34515566441,2280.14506343271,,2963.68918117915,2616.497376735698
2016-03-21 00:00:00 UTC,3009.29771193096,6478.58588133685,2996.1142371995,1272.32971370005,1556.32231700925,1298.92691060301,1979.65351099253,,1746.28292639849,2456.821476001399
2016-03-28 00:00:00 UTC,3387.50927995549,6282.89682499319,2989.47216089359,2407.76663755927,1823.95449705225,1290.22044969847,2272.76684855146,,1915.46973436221,2529.5813722678326
2016-04-04 00:00:00 UTC,2480.17583568325,5574.09806678381,2822.86906799271,2061.47604384252,1501.9311499986,1102.9683632362,1967.38593509416,,1465.78119113274,2302.5745008322315
2016-04-11 00:00:00 UTC,2977.24921727654,6507.20509847301,2219.13731721632,1977.54029489978,1602.07692256447,1029.93503713649,,,2000.57903508428,2618.8151512183035
2016-04-18 00:00:00 UTC,2228.86748935503,7031.81470981162,2257.57939560943,2045.18762268059,1899.47796302914,1245.40497258834,,,2116.71235252481,2342.271298930932
2016-04-25 00:00:00 UTC,4243.5181210653,8510.75667429025,2994.19554902606,2218.4295820467,1639.87927085786,1247.48535907027,,,2450.31733085083,2879.7864203770814
2016-05-02 00:00:00 UTC,3761.18418100354,8442.32440597549,2784.25736503956,1925.95704651107,1548.7730857094,1253.76325493007,,,2103.51176104488,2660.399950299683
2016-05-09 00:00:00 UTC,2964.41743965317,6471.88967098546,2179.80631558118,1813.51881817564,1352.54406749823,1135.43982323517,,,2157.30168207051,2676.954971227182
2016-05-16 00:00:00 UTC,2494.17543796379,5754.08910696135,2182.77531604869,2043.17718525216,1340.92734122529,1059.99082867521,,,2053.66364172833,2141.966605297562
2016-05-23 00:00:00 UTC,2740.25187993447,6584.2209681032,2237.44084308874,1932.2439243155,1552.26329570422,1042.92788635051,255.300064171536,,1890.45171596255,1972.3379582116127
2016-05-30 00:00:00 UTC,75.4195905560594,12508.245490858,4452.65019111325,2415.53034195171,1704.72368834303,1421.27100292718,2691.20030828295,,1754.67032554776,2186.049834746366
2016-06-06 00:00:00 UTC,252.419090519782,9998.84640901453,3113.78824170998,2208.87179597738,1672.02895470456,1057.46578208794,2688.29046988434,,1106.45944798927,2402.4737324279463
2016-06-13 00:00:00 UTC,64.4586663138627,11621.9278109613,4283.30599085262,2461.41361743334,1649.30995265053,1404.62206851834,3668.30529485898,,1316.86576227342,2439.395523471452
2016-06-20 00:00:00 UTC,82.6307381709888,10069.8784798338,5893.21629936516,3341.21037510089,1254.42798798555,1853.27080467324,4303.49353799562,,1979.65817018411,2672.03182231241
2016-06-27 00:00:00 UTC,80.3529871328927,13788.9189497712,4544.72854796322,3616.49041424516,969.485713863181,1755.7023681464,3899.83976977781,,1655.49915098697,2668.2295397575863
2016-07-04 00:00:00 UTC,86.0822303624334,11017.6433648208,3728.04162659373,2997.05979658129,1098.21550245127,1396.63027046523,3939.2938372527,,1411.07645298076,2808.1130190929425
2016-07-11 00:00:00 UTC,96.9331680820996,11611.5040527092,2930.68193193098,2534.88204428753,1080.47296113512,1188.70059564045,3095.81997545931,,1461.07581363352,2340.0250884950615
2016-07-18 00:00:00 UTC,1626.56876183727,8718.99353494175,2729.48255639293,2321.94859433197,664.869631932292,1172.44646485595,2724.38827835199,,1191.13811746876,2071.5761153047833
2016-07-25 00:00:00 UTC,1456.32515646144,8138.94670118955,1910.44586708474,2373.36616911954,365.559759400357,1011.86966361351,2655.95677176957,,1183.7938239531,1940.9316896189487
2016-08-01 00:00:00 UTC,1466.73731234092,8455.5407911716,2825.38354376061,3767.54502494297,823.357024393983,1332.59348216445,3374.11810767567,,2126.48191720054,2047.1724719870379
2016-08-08 00:00:00 UTC,1326.21015172824,2977.21626995776,2428.55412985402,2946.52995954324,882.191837216051,1294.09768861013,2902.05355067459,,1520.0296145495,2051.401073973025
2016-08-15 00:00:00 UTC,1132.67279967755,2706.98210275946,2777.97322404201,2366.52975062215,563.738695189534,1271.65839743083,2468.86797900047,,1360.64279048761,1789.8253497589167
2016-08-22 00:00:00 UTC,946.57131176354,2667.0932032542,2099.20685612841,2170.72495788456,511.129101388934,1114.44973830978,2945.67875795711,,1120.83512317811,1540.4969117451724
2016-08-29 00:00:00 UTC,914.766907762951,1901.68448591237,1871.14130061579,2000.30654928216,518.03421285374,929.116178257452,3014.54706380157,,1097.28420719975,1584.8650861675414
2016-09-05 00:00:00 UTC,834.44360812121,1984.48566225654,1742.56591898499,2103.48946479418,621.177553649618,926.534721229156,2844.02343711524,,1171.4603191878,1502.0694001831166
2016-09-12 00:00:00 UTC,,1838.75157064202,1635.00224405735,2024.08894369269,374.138258753596,977.273914862108,2550.4200029762,,1159.95251101576,1433.475428429983
2016-09-19 00:00:00 UTC,,2099.31852069966,1336.90683668133,1627.39833535968,337.910288172185,790.081388438539,2021.57440273893,,1069.84020663256,1593.6612955492085
2016-09-26 00:00:00 UTC,,2272.56753042649,1327.66691959434,1772.03313678868,269.470972047839,749.990033317216,1907.75973120702,,901.972447632032,1671.2736539321454
2016-10-03 00:00:00 UTC,,2074.64381134772,1319.82629786114,1411.44559575484,275.011106885887,836.064160910056,1781.97742275431,,853.063549987301,1426.1096246022346
2016-10-10 00:00:00 UTC,,2935.66876377183,1644.4751229657,1527.73833148578,330.046547906926,766.17506490045,1855.93856318735,,907.11849525923,1382.7042784348728
2016-10-17 00:00:00 UTC,,2984.20617755613,1556.55205151291,1377.06803443061,299.294712502716,803.626425708853,2082.85894368933,,802.607537104714,1516.2762967946942
2016-10-24 00:00:00 UTC,,5414.42982751652,1772.04779482161,1603.91271529614,415.08381337487,845.218720033101,1768.82596682509,,1078.54908103833,1554.0457945029063
2016-10-31 00:00:00 UTC,,6879.38520776685,2514.98211599386,2010.30749507587,641.3779033257,1018.92416124056,2427.11742564302,,1421.21475165822,1894.531479060347
2016-11-07 00:00:00 UTC,,4880.54061524979,2653.92750596698,1689.73130601222,652.52176104578,1134.74337017283,2320.55517252864,,1087.37547116622,1870.0850979557547
2016-11-14 00:00:00 UTC,823.06505226294,4862.42173331892,2404.67850682517,1829.67022666269,662.536735017139,983.73609592896,2381.77199876353,,1135.72726460521,1563.5204260033577
2016-11-21 00:00:00 UTC,1121.65950903437,4663.30327562489,2917.89486118257,2128.62984520773,640.497971690907,1126.37927511942,2265.08523628017,,1224.74936364492,1707.322798936041
2016-11-28 00:00:00 UTC,862.55737896829,4031.56804335971,2495.57344713114,1843.7029422935,579.280392499649,917.555184458746,2014.72246023035,,926.508352555945,1468.2056951637742
2016-12-05 00:00:00 UTC,771.712262533169,3129.18531495201,2425.8070786553,1470.41836032257,581.22835618726,858.814040155961,1973.3822171271,,828.161912007065,1565.7138516070868
2016-12-12 00:00:00 UTC,718.365160571084,2473.80970190396,2096.54848805997,1542.35588797245,437.18582088818,897.519328338052,1485.55750121806,,790.371867980899,1466.777181343597
2016-12-19 00:00:00 UTC,834.566966508891,2904.7510792271,2651.23701346174,1487.1041062548,579.004769104703,970.034905634876,1602.03467088653,,1139.35204772245,1504.671217172987
2016-12-26 00:00:00 UTC,868.984390312536,4286.36600159516,3028.61873464759,1492.7274150356,659.875109243446,1090.5779662465,2391.61703710307,,947.707982824661,1421.6327108641913
2017-01-02 00:00:00 UTC,1010.84432999225,6282.06967153095,4661.10148729379,2427.63611352954,1038.61865198231,1533.7055927402,2020.34582104942,,1394.48513558969,2124.157355143683
2017-01-09 00:00:00 UTC,1110.91767241567,7130.53430489634,5202.89357263499,3119.60135140659,1359.07924020574,2055.48202014182,2294.52402799374,,1955.72429015692,2561.206836286625
2017-01-16 00:00:00 UTC,821.286530435331,6468.27089725182,3957.04093588093,2487.85577278574,979.141440338963,1703.53406683027,2830.52129991766,,1265.40108442307,2358.4621798399303
2017-01-23 00:00:00 UTC,716.760531982946,7053.38106105973,3980.52441713879,2426.58665564603,762.575842004335,1796.13320982514,3107.81143817587,,621.544433986675,2214.406849117347
2017-01-30 00:00:00 UTC,653.232729912429,6654.24224217639,3334.75202057772,1959.18218695228,815.01095861535,1763.82280484257,2447.59335023115,,459.980750646711,1863.4573509186707
2017-02-06 00:00:00 UTC,790.967172749445,5402.89348710075,3770.77266845633,2244.28096298034,1052.95408165246,1737.56883508117,3016.43458881052,,629.132181569045,1844.6653050410023
2017-02-13 00:00:00 UTC,657.269538598993,4270.35575075149,3296.71857963933,1997.75072741124,883.131339345229,1790.78737467266,3125.92674122021,,598.474119077212,1754.9136652962397
2017-02-20 00:00:00 UTC,573.094619177295,4659.82852852629,3622.20412051248,2053.54814665341,992.962830182807,1658.30637430598,3186.49396274272,,481.168281312283,1695.6918666897736
2017-02-27 00:00:00 UTC,605.943778575696,5630.4039365419,3632.03879983706,1860.0279410532,801.717960087293,1380.76489077834,2548.98006507018,,501.134013100416,1500.1539744902168
2017-03-06 00:00:00 UTC,774.952496786596,7739.23262915653,4447.78922747706,2085.61191201342,1316.41404896404,2368.56675968952,3499.23365489045,,650.887601797314,1735.8692910066084
2017-03-13 00:00:00 UTC,746.554393462322,7633.99913972496,3839.68981411595,2519.01660716917,1083.3995614659,2774.66078102136,3713.98256272464,,699.598289679621,1852.5715378732511
2017-03-20 00:00:00 UTC,999.554539539601,8104.80696157462,4356.2001124306,3938.37654832001,1517.82504451678,2505.13376967321,4641.1291401671,,827.60070328262,2362.7060882262626
2017-03-27 00:00:00 UTC,1144.00095037176,7513.84704562198,4018.49266928042,3578.01356864303,1177.58190313709,2330.5446024358,3619.28973326564,,740.407571080206,2407.4907401637065
2017-04-03 00:00:00 UTC,747.581985837816,6018.84362208847,3559.34235726565,2117.71490567692,869.544543398736,1689.87451153303,2492.43101273794,,671.113554925256,1758.1751219204582
2017-04-10 00:00:00 UTC,808.607697266435,5323.80886677205,3066.16201602128,1876.11332391417,817.80129920022,1586.86300312366,1081.52344395675,,508.317490558788,1633.016024622995
2017-04-17 00:00:00 UTC,587.071115322971,5604.57473928766,2279.33212555441,1493.07719257392,759.752625905645,1204.77647669958,970.756232613525,,379.962047216,1316.8576655400861
2017-04-24 00:00:00 UTC,653.421674906337,4963.46216125671,2093.4951998359,1249.52795771637,659.315349166802,1246.70140318752,1156.59424628381,,429.780522757904,1189.6018669774076
2017-05-01 00:00:00 UTC,842.973607454465,4075.43445507098,2872.89715893478,1581.60328832054,935.982276289603,1494.06061560471,1372.16254396806,,457.874650252302,1370.306897808001
2017-05-08 00:00:00 UTC,928.939967129597,4362.87341903943,3221.48737464417,1584.43771236294,974.128808832389,1740.12986747124,1420.667220315,,396.895084203335,1529.4001327350525
2017-05-15 00:00:00 UTC,982.914811507466,3819.81572770509,3433.33268427938,1557.32906486939,856.015454896863,1647.10356216921,2098.9116908529,,488.163301738868,1612.133806900649
2017-05-22 00:00:00 UTC,896.945204580093,4498.23239428261,3833.5503726277,2256.12607586515,1078.5616658209,2242.59859988101,1194.42059565886,,1194.31193049435,1751.97544054041
2017-05-29 00:00:00 UTC,895.399681701899,5210.00339930582,3774.1491544327,2372.78701453422,1217.1662988962,2632.74325939375,1685.17196936892,,997.865099543562,1765.1739058177538
2017-06-05 00:00:00 UTC,645.24130048424,3450.23903255581,2898.01968578022,1318.2289089501,762.43339542908,1803.64929112814,919.375233980381,,519.031018712168,1532.8741764532426
2017-06-12 00:00:00 UTC,831.595678914476,4309.2580390241,3161.98236838912,1737.79447997384,966.492795201086,2353.03663202664,492.87261084502,,936.827357053741,1699.8531510880753
2017-06-19 00:00:00 UTC,696.032052214789,3662.70127661359,2773.33584885043,1387.15626764502,644.37287417431,2320.1202629544,1188.00767375469,,,1608.1880970397715
2017-06-26 00:00:00 UTC,772.756327634927,3594.96355189833,2743.35832955271,1412.56647185118,545.684237205478,2678.11532701935,341.040031182461,,,1901.4748280771998
2017-07-03 00:00:00 UTC,796.659120227033,3530.99594353283,2325.24250078608,1365.73895402786,537.808477471114,2149.39903928215,235.011258210411,,,1610.9136198213455
2017-07-10 00:00:00 UTC,906.201376873579,4820.80405670637,2631.45054101905,1454.38234215479,655.739982355475,2131.77572976794,366.582761042717,,,2026.4135644295138
2017-07-17 00:00:00 UTC,947.872315320929,7135.74461659107,3719.47002209221,1665.85801514752,696.3261639381,2446.91373340315,1356.75157169012,,,2778.281408480001
2017-07-24 00:00:00 UTC,858.423605966724,5908.28891729879,3480.46656724373,1324.28865658656,622.207474606019,2501.89551055045,944.279499551447,,,2137.614591648086
2017-07-31 00:00:00 UTC,671.439845355101,4987.59090897757,2610.49959203247,,443.188497041513,2145.4789695789,554.83208503837,,,2003.2681135458072
2017-08-07 00:00:00 UTC,589.056305930416,4904.65743486273,2621.10020381368,,352.54750927767,2213.65252567674,602.387448191964,,,2071.300787899133
2017-08-14 00:00:00 UTC,617.792727013397,5326.87508766076,3621.06059984151,,679.782981065466,2716.93857459753,468.737641553274,,,2223.6856575631014
2017-08-21 00:00:00 UTC,623.494084148236,5099.78278594071,3584.2795024851,,537.93254485911,2977.07042201936,486.484219147195,,,2422.874374080354
2017-08-28 00:00:00 UTC,591.265549917582,4934.62330653263,3391.17452808481,,378.917695935204,2093.88459130614,436.987022223894,,,2376.9294888813824
2017-09-04 00:00:00 UTC,675.248633542631,7444.43125246876,3753.04652321558,,839.328007276893,2316.88879535717,479.976229602032,,,2747.9353779103203
2017-09-11 00:00:00 UTC,645.164629439416,10554.8585930069,4929.44015912567,,1070.91063913164,3200.59753190324,930.582479729695,,,3872.6906880855777
2017-09-18 00:00:00 UTC,724.955519060611,9253.29169260608,5467.74192269024,,931.690882008969,3995.65201005114,994.18864207711,,,4010.1296266354184
2017-09-25 00:00:00 UTC,689.451456146386,6948.94434710652,4220.62597206903,,603.466311747463,2832.26640945483,607.383903636078,,,2852.560158849194
2017-10-02 00:00:00 UTC,589.579411685707,6285.81896167527,3743.81432281436,,493.279111747581,2565.52602065259,391.632634258,,,2443.1654551463243
2017-10-09 00:00:00 UTC,569.658266516031,7076.1249627099,4336.55093562562,,442.062974249993,2409.73711759219,387.261026602841,,,2563.4637091536683
2017-10-16 00:00:00 UTC,558.981713523682,8102.05761330871,4493.54870468269,,473.603550211376,2760.1390829504,423.890557355447,,,2405.5366740340814
2017-10-23 00:00:00 UTC,536.421980437867,8392.01829602061,4484.24267548036,,387.145787650515,2806.63391906435,410.201723207765,,,2507.260255271022
2017-10-30 00:00:00 UTC,591.419993680616,8475.3442561496,4742.15362301806,,380.15424494176,3319.9516923563,397.909470745054,,,2356.8864307228987
2017-11-06 00:00:00 UTC,693.182280439794,9148.68762968532,4801.59923655725,,492.633403633135,4059.87236128372,453.148543513545,,,2646.7823128121963
2017-11-13 00:00:00 UTC,630.977320896322,9983.58890147759,5486.85041818497,,461.782461007554,5431.47085361508,569.364564391633,,,2846.979920956688
2017-11-20 00:00:00 UTC,457.698784089731,6671.64338400884,3872.052133801,,356.11885526995,4507.47683848893,375.136603181435,,,2205.042747041763
2017-11-27 00:00:00 UTC,454.411620868354,10124.8048021547,4207.60542976125,,570.033412173039,5634.69324530467,421.755261766353,,,2222.909025048119
2017-12-04 00:00:00 UTC,353.035252423468,8014.5944375609,4125.86594462949,,548.140583467652,7236.01225169969,579.524960182211,,,2016.014911676815
2017-12-11 00:00:00 UTC,245.203941736943,5673.56712767578,3386.59196858941,,340.812461828711,4539.76653322784,471.476434075698,,,1405.7372574486394
2017-12-18 00:00:00 UTC,339.672081241989,6801.05653061904,3891.08180196476,,782.177970736272,6804.65983637386,585.880975946885,,,2096.4707104191466
2017-12-25 00:00:00 UTC,370.652140392958,7094.78073208746,4174.64024382865,,950.954255365687,7226.5008552858,709.737905536481,,,2113.4700748955843
2018-01-01 00:00:00 UTC,375.201796927921,6043.27144933897,3346.97546676327,,711.398105885197,5509.58325554348,593.569735052764,,,1639.5677933273482
2018-01-08 00:00:00 UTC,301.178832342412,6066.85503645543,3043.43724848464,,955.54951216306,6270.69818115616,617.715169713717,,,1523.0858171070245
2018-01-15 00:00:00 UTC,325.767129622972,7076.23922549198,3873.15673302457,,966.476348092688,6967.62545628744,771.381252000054,,,2024.735816060816
2018-01-22 00:00:00 UTC,338.924700641604,7699.95305143029,3944.77367806001,,850.850597063462,6488.52722419597,700.219888777653,,,2016.1386932178104
2018-01-29 00:00:00 UTC,309.910177979599,7417.78971420299,3749.05656320319,,918.714440119552,6060.62617667881,660.568082046759,,,2285.350991102891
2018-02-05 00:00:00 UTC,341.448212797273,10632.0857483855,4945.7012954159,,1238.79030682993,8193.09064087162,773.633333248141,,,4596.20836767548
2018-02-12 00:00:00 UTC,344.836777397213,8533.80031880203,4217.1154285897,,854.743208961602,6489.34587465418,724.740903955823,,,3322.948633388428
2018-02-19 00:00:00 UTC,310.566773925179,8182.92244187588,4202.20513620828,,752.520080255971,5168.69270274409,740.930629336576,,,2715.763295539346
2018-02-26 00:00:00 UTC,333.999316666519,7372.92706269544,2964.71615504821,,678.024111488475,5279.97785286122,655.732686981546,,,2463.2759936427537
2018-03-05 00:00:00 UTC,299.119246709411,8129.16726128033,3537.22361022722,,844.447791361163,4729.32813986751,700.742596773001,,,2519.5297982429665
2018-03-12 00:00:00 UTC,340.824535867726,9360.02059727703,3462.04660142309,,998.564669689262,5326.13581519249,721.724609518322,,,2723.210163171092
2018-03-19 00:00:00 UTC,328.182669091694,8846.28340161636,3093.41814828001,,827.510841519317,5050.425079997,752.39825932663,,,3035.720100382019
2018-03-26 00:00:00 UTC,278.821226205853,7228.1907870252,3231.16781401334,,1074.29165315441,4535.44496304259,700.917652015791,,,2872.5035476405137
2018-04-02 00:00:00 UTC,326.496882298575,8375.51707337787,2887.88036030922,,1167.82488357279,4269.09489400336,690.229188768936,,,2779.647892943243
2018-04-09 00:00:00 UTC,342.010053643872,9568.84482028404,3332.78413945783,,798.852417910873,4244.53426264814,649.338682390622,,,3049.4252287477548
2018-04-16 00:00:00 UTC,293.016835531834,8575.27659723845,3219.42848758437,,691.744227871923,3721.01682632865,653.049469520165,,,2738.364605380025
2018-04-23 00:00:00 UTC,320.186819272433,8290.10759531944,3043.51482027115,,690.616357022462,3331.75826774358,675.755952752856,,,2706.021552727615
2018-04-30 00:00:00 UTC,263.372566341417,7014.82500123183,2434.8245612427,,507.957968412863,3212.08497650427,505.871686829878,,,2538.546472819047
2018-05-07 00:00:00 UTC,269.34525665204,8009.00534096642,2211.7446544,,856.104780779885,2790.11095031957,567.632367032821,,,2599.533782148971
2018-05-14 00:00:00 UTC,332.397608381221,6703.74818137285,1854.60719082308,,679.633050422284,2553.289120912,781.739247612308,,,2681.7771114180396
2018-05-21 00:00:00 UTC,297.88309160437,6313.35773616248,2048.99499369501,,822.060012659586,2403.01770961819,840.220430457912,,,3110.133131267091
2018-05-28 00:00:00 UTC,339.888075793,5160.56106988297,1875.54857095069,,691.948620697858,2227.78092731318,803.49204408137,,,3186.235966255515
2018-06-04 00:00:00 UTC,320.011480121361,5129.13143500385,1684.9172622219,,488.775363477977,2245.01801497988,743.325638341231,,,3027.4631842253793
2018-06-11 00:00:00 UTC,280.379759458172,6288.92812986496,1907.70983500524,,804.746068063097,2612.93858301516,828.32106575009,,,3177.268535465086
2018-06-18 00:00:00 UTC,299.177264742913,6336.17296231617,1936.76519991381,,679.872960933978,2550.33045975257,790.02371864818,,,3051.48561683882
2018-06-25 00:00:00 UTC,374.455519899467,6292.46364867238,2214.82011479545,,625.881961528816,2651.31349737349,812.030321205077,,,4018.3818541414025
2018-07-02 00:00:00 UTC,371.674909749363,5601.79441947121,2172.43697250298,,433.612942220532,2397.68786365146,772.56273234332,,,3876.2702374398227
